state,county,tract,med_house_val,med_room,med_yrBuilt,r_se_nat,r_ed_nat,lfpr,r_he_nat,jobs_idx,schl_idx,ur,pct_ba,pct_hs,pop,white,black,CBSA,area
39,35,101101,68000,4.1,1939,2,2,0.571428571,3,58.32922042,9,0.108163265,0.144244105,0.55963939,2243,737,657,17460,305989
39,35,101102,191800,4.6,1939,35,8,0.753004949,26,48.5742715,10.50059228,0.041627543,0.502252849,0.442618606,4800,3502,296,17460,1324748
39,35,101200,169200,3.5,1952,6,8,0.535945073,5,75.04059329,3,0.07611153,0.275767293,0.53962437,2867,1757,593,17460,1298153
39,35,101300,78300,4.4,1939,20,5,0.623062616,29,38,11,0.064676617,0.167355372,0.701790634,1830,995,670,17460,626777
39,35,101400,60600,5.2,1939,7,2,0.630246502,20,36.51571754,7.46332574,0.183846971,0.084802687,0.675062972,2071,1091,724,17460,1279080
39,35,101501,56400,5.2,1939,7,3,0.57367829,17,45,9,0.109803922,0.120207927,0.598440546,2169,1255,524,17460,507349
39,35,101603,60700,5.9,1939,2,2,0.700052715,3,50.14123837,7.019830028,0.243222892,0.095657646,0.718691001,2672,1534,623,17460,618190
39,35,101700,53200,5,1939,8,1,0.645556691,3,56.80159884,3.663517442,0.173259494,0.041296061,0.724269377,2622,1009,1263,17460,726454
39,35,101800,77700,5.1,1939,1,3,0.565052232,1,61.91876275,3.70564242,0.160504202,0.139953542,0.531939605,2713,1551,854,17460,746636
39,35,101901,90600,5.6,1939,18,5,0.613924051,4,71.54137116,3.328014184,0.024484536,0.126134301,0.558076225,1574,1039,227,17460,506548
39,35,102101,69900,5.5,1939,4,2,0.643241167,12,49.56186548,4,0.162985075,0.067451335,0.698958805,3227,1963,828,17460,683351
39,35,102102,59200,5.1,1945,14,7,0.575729927,10,63.25796178,4,0.122820919,0.120206068,0.66571265,2565,1641,574,17460,823034
39,35,102200,81300,5.5,1939,16,5,0.597616112,8,56.76036364,4,0.070839065,0.189079879,0.619312437,3093,1500,619,17460,889239
39,35,102300,60700,5.9,1939,6,2,0.647097195,5,53.56154183,2.838370565,0.07358871,0.093043478,0.712173913,2184,1274,501,17460,454668
39,35,102401,51500,5.7,1939,5,2,0.556890013,29,53,1,0.116912599,0.067314884,0.599850411,2093,1404,344,17460,518099
39,35,102402,70900,5.8,1939,4,2,0.583333333,6,54.44369231,2.074461538,0.18507808,0.107157807,0.587693596,3908,1581,1123,17460,666530
39,35,102700,45200,5.6,1939,4,2,0.504901961,1,64.59916539,38,0.064724919,0.077849117,0.666934189,3995,2688,835,17460,1990073
39,35,102800,55300,5.6,1939,2,1,0.543209877,1,72.67285156,49,0.151069519,0.028275212,0.52403393,1894,988,454,17460,451379
39,35,102900,62300,5.5,1939,4,1,0.652202937,11,79.82100969,5,0.16171955,0.076736672,0.675282714,1924,1357,289,17460,514701
39,35,103100,166200,5.5,1939,29,5,0.633909287,16,90,11,0.015332198,0.51558753,0.435251799,1294,851,213,17460,669059
39,35,103300,193900,3.5,1979,2,8,0.794170137,65,99,16,0.196254682,0.353881279,0.49391172,2481,635,1589,17460,499678
39,35,103400,136900,5.6,1939,5,8,0.649382716,14,83.15306859,7.246570397,0.10418251,0.302844395,0.54099275,2369,1721,548,17460,661423
39,35,103500,146200,5.5,1939,50,8,0.759393064,3,88.21655729,28.16052499,0.050428164,0.521772939,0.3437014,1545,1210,197,17460,827823
39,35,103602,278700,3.5,1943,45,16,0.674666667,36,95.7728949,14.65365704,0.072134387,0.526388889,0.339930556,3303,2420,580,17460,2308486
39,35,103800,50800,5.4,1939,9,1,0.473167045,4,87.35072755,5.231309584,0.041533546,0.198975235,0.464560205,1503,1147,160,17460,876140
39,35,103900,72500,5.8,1939,6,3,0.544403893,14,92.51322233,3.008814887,0.110614525,0.144010767,0.554508748,2287,1395,328,17460,993343
39,35,104100,99300,4.4,1939,10,3,0.662068966,9,94.57899543,10.71050228,0.135416667,0.362355954,0.463508323,968,641,111,17460,684848
39,35,104200,292000,4.2,1950,35,15,0.802469136,26,98.48206474,12,0.006593407,0.508256881,0.393577982,1351,756,438,17460,1489450
39,35,104300,307000,4.4,1939,72,23,0.859366892,34,97.44728634,13,0.061594203,0.662092624,0.304173814,2114,1725,222,17460,478370
39,35,104400,161300,5.8,1939,25,11,0.689409369,5,94.55807744,9.209612817,0.032496307,0.414046122,0.395178197,1187,950,180,17460,1128440
39,35,104600,61500,5.2,1939,1,1,0.552702703,15,84.62184874,9,0.251833741,0.061349693,0.713190184,1024,504,266,17460,381316
39,35,104800,70200,5.5,1939,8,1,0.593357934,8,87.86770245,9.978813559,0.166028097,0.261580381,0.493188011,1701,1235,242,17460,3254982
39,35,104900,63800,5.9,1939,3,1,0.582028986,4,75.35940634,4.73084637,0.166334661,0.071001991,0.598540146,2328,1295,400,17460,626605
39,35,105100,39800,5.2,1939,8,2,0.550237718,12,54.0646438,29.31609499,0.212557604,0.104104478,0.595149254,4483,3112,344,17460,2384879
39,35,105300,56600,5.8,1939,3,2,0.500957488,2,61.59493302,17.04076878,0.075688073,0.081982399,0.532654006,3268,1986,270,17460,645693
39,35,105400,60000,5.9,1939,8,1,0.606995885,5,53.54388371,5.309105869,0.103050847,0.118259224,0.687795648,3286,2168,658,17460,1054780
39,35,105500,55800,5.3,1939,7,1,0.69292697,2,63.87055016,4.935275081,0.159432387,0.061438965,0.663702506,2264,1506,342,17460,428561
39,35,105602,54100,5.2,1939,2,1,0.55026455,14,70.64493759,13.39389736,0.143356643,0.06031746,0.593015873,2565,1326,773,17460,1747816
39,35,105700,76000,4.8,1951,5,5,0.574582339,5,60.69219688,16.00768307,0.133437175,0.173210162,0.622896734,4078,2678,596,17460,1634693
39,35,105900,83700,5.6,1941,33,8,0.681170293,35,33.51448787,24,0.079845815,0.135993485,0.679153094,3131,2676,130,17460,1543651
39,35,106100,86200,5.9,1949,30,8,0.629241209,52,48.07365116,25,0.069607843,0.200359712,0.701079137,3683,3047,230,17460,1615662
39,35,106200,74000,5.6,1943,25,5,0.666666667,50,37.43352443,24,0.050626808,0.139543183,0.63668808,3993,2713,128,17460,1047171
39,35,106300,70400,5.6,1939,9,5,0.558562992,16,33.55209841,24.51736614,0.071365639,0.167054715,0.68975553,2662,2158,263,17460,1204937
39,35,106400,71100,5.8,1939,47,5,0.76581576,33,31,24,0.110144928,0.147410359,0.714475432,1076,835,85,17460,244950
39,35,106500,78100,5.7,1945,46,7,0.734962406,58,29.98174603,24,0.097826087,0.146300448,0.655829596,2622,1822,289,17460,1295734
39,35,106600,73000,5.6,1939,39,10,0.736881842,20,26.66573557,24,0.057889344,0.188131868,0.64043956,3491,2383,590,17460,1569869
39,35,106800,64800,5.3,1939,5,8,0.60845666,5,37,28,0.198179272,0.115075377,0.669346734,3044,2009,358,17460,599242
39,35,106900,104400,5.6,1944,31,7,0.747137717,35,57.48129106,17.58697515,0.018388792,0.319967923,0.605052125,3391,2608,475,17460,1269788
39,35,107000,105700,5.8,1972,77,9,0.595876289,44,81,14,0.07727797,0.232745962,0.641703377,1642,1285,104,17460,2861378
39,35,107101,369200,3.2,1939,38,9,0.465997542,42,99,23,0.051868132,0.391383812,0.384334204,4889,2575,2061,17460,4345581
39,35,107701,240200,2.9,1939,15,27,0.771454937,31,99,24.21604938,0.054226475,0.664484452,0.246726678,3321,2204,589,17460,1994832
39,35,107802,306500,3,1974,3,13,0.543651816,27,99,24,0.074797523,0.337187617,0.499067512,3969,1689,1244,17460,1530721
39,35,108201,41100,4.1,1939,39,6,0.542075736,12,97.29615953,11.88847858,0.062095731,0.329554656,0.320647773,1561,877,409,17460,2073406
39,35,108301,45500,3.7,1939,19,3,0.607171964,10,98.62477231,21.87431694,0.036241611,0.15375982,0.548821549,1309,570,341,17460,1370770
39,35,108400,84300,5.2,1939,14,4,0.450101833,6,98.55699272,17,0.061085973,0.113507378,0.659477866,1228,375,266,17460,558183
39,35,108701,89200,4.5,1939,1,3,0.589885567,3,98.59845208,13.16594582,0.232790989,0.088456435,0.638655462,4518,238,4148,17460,1456360
39,35,109301,89400,3.2,1959,1,3,0.45508982,1,99,22,0.260964912,0.105263158,0.637770898,1061,134,822,17460,762868
39,35,109701,NA,4.5,2002,1,2,0.402810304,47,97.25542495,0.255424955,0.554263566,0.00295858,0.772189349,2410,488,1798,17460,763771
39,35,109801,NA,4.3,1961,1,1,0.577034884,40,97,0,0.347607053,0.005655042,0.714420358,2322,53,2251,17460,745959
39,35,110501,63200,4.8,1939,1,1,0.510998308,1,94.50058754,1.001175088,0.208609272,0.070281124,0.642570281,681,285,324,17460,1209120
39,35,110801,42200,5.3,1939,8,1,0.518120805,4,92.77097506,0.819349962,0.165803109,0.043478261,0.644927536,955,580,309,17460,739055
39,35,110901,31900,5.7,1939,2,1,0.520729685,2,89.74564797,4.117988395,0.175159236,0.087872559,0.647995889,3047,1611,1119,17460,3330260
39,35,111202,47400,4.9,1939,4,4,0.622437972,1,92.8067867,4.257617729,0.294627383,0.066496164,0.744245524,1050,375,639,17460,2894882
39,35,111401,32700,5.1,1939,1,3,0.564903846,1,85.5235435,1,0.165957447,0.072340426,0.641134752,1196,10,1177,17460,678383
39,35,111500,33300,4.9,1939,1,2,0.512696493,1,96,5.272264631,0.139150943,0.105263158,0.608187135,1040,363,601,17460,320766
39,35,111600,41200,5.2,1939,2,1,0.518394649,6,95.41327434,2,0.190322581,0.018145161,0.705645161,860,131,729,17460,330102
39,35,111700,56100,5.6,1939,3,4,0.633682207,2,94,1.576210826,0.232732733,0.105322763,0.620611552,1315,138,1048,17460,397221
39,35,111800,29100,6,1939,1,2,0.484536082,6,95,1,0.34893617,0.011037528,0.717439294,675,27,602,17460,282767
39,35,111902,49400,5.7,1939,1,3,0.558635394,2,93,1,0.305343511,0.039787798,0.639257294,640,14,598,17460,470062
39,35,112100,27100,3.6,1939,1,2,0.274426508,2,97,3.019296254,0.19504644,0.080074488,0.716945996,1394,82,1265,17460,594528
39,35,112200,46600,6,1939,2,1,0.617148554,7,96,1,0.219709208,0.120516499,0.680057389,1235,25,1196,17460,499511
39,35,112301,94000,3.9,1965,1,1,0.384485666,2,97.72039243,4.478626489,0.342105263,0.07879925,0.616322702,1444,257,1160,17460,671706
39,35,112400,84000,5.2,1959,9,1,0.591216216,7,98,0,0.11047619,0.162269129,0.654353562,1181,40,1112,17460,659299
39,35,112500,NA,5.3,1953,1,1,0.594348222,9,97,0,0.292944785,0.158783784,0.596846847,1308,72,1193,17460,487638
39,35,112600,40500,5,1972,1,2,0.546075085,2,97,14,0.228125,0.079470199,0.626931567,838,0,802,17460,314204
39,35,112800,NA,4.6,1939,4,1,0.42765685,24,98,0,0.248502994,0.186011905,0.449404762,993,13,915,17460,553020
39,35,113101,223700,3.6,1949,1,2,0.265116279,6,98.44351464,8.347280335,0.187134503,0.072026801,0.56281407,656,82,546,17460,1779665
39,35,113500,49800,6.4,1939,3,3,0.556944444,14,98,19,0.044887781,0.062686567,0.767164179,866,24,800,17460,492820
39,35,113600,NA,5.3,1939,6,1,0.542274052,2,97,31,0.255376344,0.065843621,0.703703704,803,52,745,17460,864071
39,35,113801,73500,4.6,1993,1,1,0.646793135,31,97.36087606,0,0.238826816,0.050108932,0.681917211,1693,119,1574,17460,1481029
39,35,114100,23400,4.5,1975,1,1,0.546407186,6,98,2,0.320547945,0.04288499,0.653021442,894,4,890,17460,793512
39,35,114300,32500,4.4,1968,1,1,0.530895334,54,94,2,0.394299287,0.032534247,0.741438356,1605,13,1586,17460,531322
39,35,114501,30900,5.7,1939,4,3,0.451086957,4,92.35792549,19.44923302,0.152610442,0.143667297,0.691871456,708,46,661,17460,3143853
39,35,114600,38800,5.3,1939,3,1,0.529829545,6,93.44158879,4.46728972,0.152815013,0.069204152,0.709342561,945,373,572,17460,1388891
39,35,114700,NA,5.4,1997,1,1,0.619469027,41,95,2,0.233333333,0.031620553,0.833992095,569,0,569,17460,697618
39,35,114900,31200,5.4,1939,1,1,0.504739336,9,90.61255116,2.627557981,0.211267606,0.081128748,0.641975309,1676,589,992,17460,909102
39,35,115100,35100,4.9,1939,2,1,0.566094854,6,89,2,0.080213904,0.063157895,0.643421053,1317,717,505,17460,321356
39,35,115200,70200,5.1,1939,4,1,0.624821683,10,89,2,0.082191781,0.226443769,0.671732523,816,250,462,17460,340107
39,35,115300,48300,5.6,1939,3,1,0.703703704,3,85,10,0.221052632,0.135245902,0.711065574,983,198,613,17460,1099211
39,35,115400,57900,5.2,1939,4,1,0.562433862,8,87,2.63032967,0.213546566,0.076664425,0.667114997,2129,796,1139,17460,704153
39,35,115700,35300,5.1,1939,4,1,0.56952381,9,86.51483051,2,0.093645485,0.137744035,0.684381779,1423,609,777,17460,884730
39,35,115800,42600,5.8,1939,4,1,0.574291939,15,81.31432114,1.768753875,0.196509863,0.032586558,0.735234216,3065,1188,1614,17460,1495069
39,35,115900,66800,5.9,1939,7,1,0.56097561,7,76.34268592,3,0.16563147,0.135122411,0.731167608,3234,1336,1680,17460,1274054
39,35,116100,55000,6.2,1944,2,3,0.599659284,2,77.55031447,0,0.204545455,0.190064795,0.561555076,897,20,873,17460,309158
39,35,116200,56300,5.8,1953,3,1,0.671232877,1,68.57853403,5.157068063,0.160997732,0.180327869,0.621129326,703,18,673,17460,471535
39,35,116300,46800,5.4,1939,2,2,0.632007233,4,60.06548673,12,0.276108727,0.097768332,0.775770457,1351,18,1323,17460,544151
39,35,116400,48900,5.5,1939,1,3,0.542510121,1,85.95384615,0.888963211,0.236673774,0.111805556,0.616666667,2184,38,2096,17460,840163
39,35,116500,34800,5.5,1939,1,3,0.517029592,1,77.722715,1.820285384,0.144708423,0.06873065,0.755417957,2288,60,2203,17460,808329
39,35,116600,33500,5.6,1939,2,1,0.472556894,3,67.50893876,10,0.229461756,0.046458492,0.683168317,1953,35,1882,17460,878404
39,35,116700,47600,5.8,1939,1,3,0.592730662,9,51.13114754,7.163934426,0.13836478,0.084821429,0.776785714,1509,8,1311,17460,1068570
39,35,116800,60100,5.4,1939,5,1,0.508455468,6,59.06410256,14.02350427,0.189578714,0.088446215,0.748207171,2155,91,1941,17460,821717
39,35,116900,50100,5.3,1939,1,3,0.530442804,7,40.37853107,1.259887006,0.16173913,0.061784897,0.693363844,1317,32,1276,17460,707640
39,35,117101,68600,5.4,1939,8,7,0.727155727,1,49.13245033,2,0.105309735,0.168123739,0.694014795,2165,391,1484,17460,945003
39,35,117102,46400,5.4,1939,1,2,0.582474227,1,47.59851608,1.197032152,0.168141593,0.077355837,0.76652602,1040,36,977,17460,993452
39,35,117201,NA,3.2,1971,1,4,0.345163807,39,42.71300716,11.14797136,0.058757062,0.140492531,0.647557529,2708,713,1995,17460,825626
39,35,117202,64500,5.1,1939,6,7,0.654545455,5,43.41535112,3.07675558,0.094444444,0.154623155,0.763791764,1733,319,1342,17460,1664078
39,35,117300,49800,5.8,1939,2,1,0.517734251,2,42.34379845,0.646124031,0.248466258,0.060264901,0.733112583,2484,271,2097,17460,1392876
39,35,117400,46500,5.5,1939,2,1,0.61019879,5,42.51940492,2,0.145892351,0.059151786,0.659598214,1403,210,1141,17460,748325
39,35,117500,52600,5.1,1939,10,1,0.714853453,4,39.4444042,4.301702282,0.277275886,0.059775841,0.609589041,2510,288,2019,17460,1258628
39,35,117600,69200,5.4,1939,13,12,0.687133494,16,45.60249671,14.80354796,0.124497992,0.117647059,0.756055363,3563,856,2518,17460,1710983
39,35,117700,91800,5.2,1947,12,12,0.583018449,41,45.84976526,23.12614819,0.082348456,0.270769231,0.620769231,5393,2440,2403,17460,1882487
39,35,117800,60500,5.3,1939,3,4,0.62894888,7,46.34267762,9.582890285,0.225570776,0.082548878,0.715423606,2250,343,1776,17460,2278533
39,35,117900,52400,5.2,1939,7,2,0.630099228,3,34.08815427,4.667060213,0.065616798,0.102702703,0.779054054,2331,89,2020,17460,1191218
39,35,118101,84200,6,1939,4,5,0.585660377,1,90.32837967,1,0.128865979,0.139378673,0.634760705,1719,94,1546,17460,622706
39,35,118200,44500,6.1,1939,3,5,0.613095238,7,87.53593527,0.752022846,0.201725998,0.119426752,0.695859873,1991,0,1954,17460,632085
39,35,118301,83200,6.4,1939,7,7,0.567895003,5,94.15687852,16.93966211,0.099555556,0.266406758,0.591293047,2532,221,2247,17460,932786
39,35,118400,50200,5.5,1939,4,2,0.445631068,10,81.36851016,6.386004515,0.130718954,0.134249471,0.697674419,1203,18,1137,17460,491819
39,35,118500,55900,5.7,1939,3,10,0.607476636,8,89.39738431,9.452716298,0.282051282,0.087336245,0.731441048,805,8,792,17460,349269
39,35,118602,35500,3.9,1939,1,2,0.492113565,2,96.57905138,14.84189723,0.112820513,0.082201573,0.692637598,2052,120,1810,17460,435037
39,35,118700,110600,3.2,1939,11,12,0.405106607,2,95.35335689,17.29328622,0.095516569,0.505717916,0.376111817,3814,2369,561,17460,1310676
39,35,118800,200700,3.5,1942,27,11,0.480557594,40,93.64070107,28.29243752,0.066412214,0.569219958,0.370344343,2779,1769,254,17460,1148052
39,35,118900,164400,4.1,1990,10,3,0.607629428,4,97,14,0.11509716,0.307103825,0.390163934,1331,299,915,17460,863293
39,35,119100,NA,3,1949,50,9,0.272727273,2,97,17,0,0.571428571,0.396825397,99,41,21,17460,782213
39,35,119202,107100,4.6,1940,4,11,0.230859835,2,96,12,0.270408163,0.22375,0.5375,923,310,570,17460,735117
39,35,119300,35200,4.4,1939,1,4,0.508032845,2,94.84658455,21.68980963,0.248770204,0.073078538,0.69298614,3869,140,3633,17460,1166765
39,35,119401,79800,5.4,1943,15,15,0.593658537,9,91.05344585,22.76840131,0.101889893,0.340987371,0.548220436,2345,314,1622,17460,690578
39,35,119402,52700,5,1939,3,6,0.58444619,10,84.74436937,17,0.15188172,0.107276119,0.705223881,1513,23,1490,17460,422308
39,35,119501,125000,4.5,1947,38,62,0.685387911,11,75.05126183,35.93375394,0.097222222,0.536165327,0.354764638,2223,969,1114,17460,494679
39,35,119502,68100,3.6,1941,5,8,0.582535211,19,82,10,0.155705996,0.228901032,0.566484517,1923,294,1483,17460,345290
39,35,119600,69400,5.2,1939,5,5,0.521345408,5,86.05916942,20,0.150124069,0.151023289,0.624558927,1690,92,1588,17460,1235360
39,35,119701,84100,5.7,1950,5,45,0.551769332,5,63.04146101,46,0.144893112,0.234234234,0.697447447,1996,73,1851,17460,518391
39,35,119702,48200,5.6,1939,1,4,0.580114449,7,75.19712618,17,0.339087546,0.110845295,0.756778309,1680,68,1612,17460,529612
39,35,119800,44600,5.6,1939,2,1,0.649415693,1,58.33489874,3.834164955,0.145244216,0.142558747,0.737336815,2864,49,2685,17460,1008634
39,35,119900,56800,5,1939,3,1,0.492724868,3,39.11204235,10.0798412,0.24966443,0.067018072,0.810240964,1838,62,1696,17460,571975
39,35,120200,60400,5.2,1939,1,4,0.566537468,4,89.6184669,28.85888502,0.242873432,0.081444759,0.782577904,2183,90,1958,17460,717615
39,35,120400,40400,5.4,1939,1,1,0.558682953,3,80.65466448,10,0.349809886,0.072882469,0.769533815,2269,78,2159,17460,923990
39,35,120500,36700,5.9,1939,1,1,0.486616335,11,75.13434089,12.71830395,0.163610719,0.098874598,0.798231511,1839,13,1812,17460,735870
39,35,120600,34900,5.2,1939,6,1,0.517444981,9,62.71611342,4.345781466,0.149377593,0.09475032,0.7631242,2474,25,2411,17460,910792
39,35,120701,41100,5.4,1939,1,1,0.517328825,1,47.50151607,1.30624621,0.14379085,0.094746717,0.76641651,1271,56,1209,17460,615648
39,35,120702,47700,6.3,1939,3,1,0.49260355,3,42.3431807,1.295420975,0.156156156,0.067906225,0.666936136,1726,14,1674,17460,622383
39,35,120801,55000,5.5,1939,11,2,0.564766839,16,34,2,0.143730887,0.077848101,0.789240506,2292,48,2169,17460,617738
39,35,120802,51000,5.5,1939,4,1,0.572472594,6,35.41363636,2.172727273,0.079787234,0.056980057,0.801282051,2146,17,2085,17460,637566
39,35,121100,54100,5.4,1939,3,1,0.608004709,3,46.97111597,0,0.17231365,0.046043165,0.724460432,2109,4,2105,17460,668111
39,35,121200,52900,6.4,1939,3,1,0.559366755,3,38.87358277,1,0.218553459,0.076628352,0.705938697,1327,2,1306,17460,462510
39,35,121300,49800,5.5,1939,1,1,0.504080352,1,61.42706503,1.225834798,0.268991283,0.070682731,0.706827309,2004,94,1899,17460,1329037
39,35,121401,46900,5.5,1943,2,1,0.601954397,14,47.61481056,0,0.121212121,0.070231445,0.794892259,2088,12,1961,17460,782322
39,35,121403,45600,5.7,1941,4,1,0.472,3,53.4306389,0,0.102754237,0.125213432,0.725668754,2269,50,2195,17460,1018584
39,35,121500,56700,5.8,1942,6,1,0.462241462,14,43.10179236,0.280689888,0.127991675,0.074650913,0.769602578,2436,91,2269,17460,877497
39,35,121700,66500,6.3,1948,15,3,0.637076449,38,43.66551633,7.257233873,0.182417582,0.177461996,0.685062789,4527,3,4363,17460,1212821
39,35,121800,67900,6,1952,14,2,0.571750563,11,61.98643868,23.73761792,0.156373193,0.15270936,0.708538588,1462,0,1428,17460,665199
39,35,121900,60200,5.3,1952,9,1,0.497858672,30,51,8,0.230107527,0.11575179,0.682577566,1216,106,1107,17460,716264
39,35,122100,63600,5.7,1954,11,4,0.550390348,38,66.1069202,11.22568579,0.186976144,0.156237049,0.732283465,3421,221,2934,17460,1615046
39,35,122200,52700,5.4,1957,6,2,0.5944334,12,61.43176856,8,0.177257525,0.111029412,0.713970588,1842,40,1691,17460,1884139
39,35,122300,58000,5.4,1955,4,1,0.555780933,5,69.43583028,18,0.149635036,0.075697211,0.725896414,1651,50,1576,17460,1541653
39,35,123100,155900,6.1,1946,92,60,0.708312838,70,31.10634856,68.15851193,0.029166667,0.446333688,0.494155154,2459,2393,33,17460,1180864
39,35,123200,111500,5.8,1946,62,45,0.739625712,50,33.21961835,57.79544694,0.044554455,0.336572438,0.557420495,2779,2415,161,17460,1425415
39,35,123400,145400,6.1,1939,70,63,0.603442879,71,46.52960437,67.89358799,0.06120332,0.407524613,0.526019691,3746,3320,101,17460,2520834
39,35,123501,70000,5.3,1939,8,9,0.597137746,22,34.26191844,25.83946008,0.08687837,0.073666384,0.739204064,3937,2316,796,17460,2025152
39,35,123502,103500,4.5,1947,25,38,0.681328966,40,41.55710192,54.58984855,0.060155697,0.194153337,0.607832322,2571,1582,578,17460,753608
39,35,123601,115000,6.6,1942,57,29,0.732866618,61,73.30875258,51.95692626,0.063851181,0.30964467,0.619712352,3210,2623,243,17460,1276785
39,35,123602,117700,5.2,1963,16,18,0.575224857,25,67.03397735,32.96602265,0.066808813,0.223053234,0.630884294,2752,2054,132,17460,2293820
39,35,123603,125000,6,1939,71,30,0.679378008,59,60.67310087,57.18306351,0.028882834,0.293208621,0.623830826,3090,2607,265,17460,1599579
39,35,123700,94800,5.5,1958,71,30,0.666069027,43,75.22593801,36,0.039030956,0.185074627,0.653233831,2678,1969,265,17460,3490713
39,35,123800,81600,4.8,1951,2,18,0.597411444,7,79.35180723,32.29156627,0.22690992,0.054375531,0.773152082,2547,855,1645,17460,1325019
39,35,123900,81700,5.8,1939,38,22,0.63528481,50,47.60507246,18.22463768,0.099003736,0.164634146,0.585365854,3246,2674,117,17460,853152
39,35,124100,64000,5.9,1939,20,11,0.691233348,22,48.8694771,3.62930685,0.098539012,0.104043266,0.623486995,6069,3942,668,17460,1153278
39,35,124201,71200,5.1,1951,42,18,0.687404386,39,58.78021555,26.53156274,0.147626113,0.129597198,0.716287215,2275,1578,311,17460,1584069
39,35,124202,80400,4.9,1956,10,7,0.51994302,39,73.97438952,16.55390113,0.085753804,0.128627451,0.676862745,1673,1177,370,17460,875939
39,35,124300,70200,5.3,1950,37,4,0.673696544,38,63.33828628,10.6072313,0.120434783,0.113055182,0.707604307,4423,2727,882,17460,1463837
39,35,124500,70800,5.5,1954,22,5,0.68081761,49,78.39583333,15.4375,0.061431871,0.133408919,0.727135299,3958,2479,693,17460,3557079
39,35,124600,55000,5.1,1952,18,2,0.575309491,20,75.09748111,11,0.170950389,0.053273688,0.752338349,3677,2420,822,17460,2820752
39,35,126100,54000,5,1960,21,4,0.515656771,22,28.31149733,6.251336898,0.083596215,0.11747713,0.754453539,2879,264,2487,17460,1775252
39,35,127501,47300,5.5,1940,3,1,0.510407632,5,66.67446271,2.886219975,0.125743415,0.07022607,0.754208754,2811,166,2620,17460,2208066
39,35,130103,285200,8.2,1965,96,90,0.626981839,97,37.45382236,99,0.020689655,0.682834646,0.286299213,4411,4264,107,17460,3625051
39,35,130104,294200,7.7,1959,97,90,0.657404381,96,62.8250478,99,0.010967099,0.741435269,0.241976199,4140,3933,45,17460,4082463
39,35,130105,174800,6.5,1954,94,89,0.692484663,80,68.74679213,99,0.011627907,0.678155967,0.313227057,3431,3314,11,17460,1679751
39,35,130106,209100,6.9,1954,87,85,0.751157407,83,63.64443797,99,0.008217771,0.564049587,0.399586777,3343,3096,48,17460,2437788
39,35,131102,318000,6.4,1969,75,45,0.621813031,80,92.51038218,68.66927475,0.043280182,0.578806427,0.387528692,3320,1809,1006,17460,7869515
39,35,131103,285300,7.7,1959,97,71,0.685659411,79,79.10859519,82.56446396,0.025210084,0.723623446,0.230550622,4212,3615,177,17460,3303080
39,35,131104,308600,4.1,1983,74,51,0.376855415,34,85.0079033,86.9916318,0.032822757,0.605820853,0.339926533,4131,3026,211,17460,2449335
39,35,132100,93900,5.4,1958,36,13,0.630897583,13,75.11546349,15.0607055,0.054719562,0.19682035,0.73990461,4402,1348,2821,17460,3891373
39,35,132200,93800,6.1,1954,38,20,0.583002383,46,80.92785235,20,0.059945504,0.246101365,0.65545809,3331,1431,1751,17460,3742063
39,35,132301,88300,4.7,1966,52,9,0.688993341,58,70.30514147,9.111347733,0.061398522,0.194253859,0.73542024,2981,1194,1749,17460,4353390
39,35,132302,79700,4.6,1955,26,11,0.649054142,7,83,20,0.073366834,0.199548193,0.68373494,1917,1071,776,17460,1878070
39,35,133103,110500,4.6,1964,13,4,0.60885486,32,90.36253041,22,0.063969382,0.129217791,0.771472393,3427,504,2724,17460,3354889
39,35,133104,66100,3.9,1972,11,6,0.6645,2,93,22,0.07599699,0.18616145,0.680395387,2383,589,1720,17460,3914409
39,35,134100,129800,5.3,1966,82,68,0.658340048,66,83,52,0.012239902,0.313815188,0.59926807,1474,964,277,17460,1797342
39,35,134203,170600,6.5,1993,94,69,0.749691231,77,60.85760941,71.14239059,0.024162548,0.428320141,0.546174142,3346,2912,90,17460,3812930
39,35,134204,135400,5.4,1954,36,71,0.64804623,69,68.99748916,66,0.053927813,0.301350883,0.620020783,4269,3628,341,17460,2317741
39,35,134205,135500,6.4,1962,82,73,0.645628799,73,33.61464497,69.40495562,0.05865315,0.344295992,0.60688592,2406,2216,75,17460,1777029
39,35,134206,127100,6.1,1958,68,77,0.626853377,72,55.01823093,65.55030385,0.024310118,0.338447653,0.588447653,2930,2724,64,17460,2499476
39,35,134300,134300,6.1,1955,52,71,0.571977459,32,86.2715713,66,0.050604568,0.333135392,0.522565321,4363,3710,361,17460,2589374
39,35,135103,220000,6.1,1973,92,91,0.615340909,50,65,94,0.027700831,0.556034483,0.42179803,2019,1910,40,17460,3523815
39,35,135104,287700,8.1,1973,98,95,0.618992472,87,73.93539737,93.31179912,0.053320861,0.59063396,0.38770309,4292,4059,121,17460,9956074
39,35,135105,306900,7.9,1985,86,93,0.67016291,80,85.54049028,96,0.056277056,0.606177606,0.383204633,5730,4853,404,17460,15582256
39,35,135106,292400,8.3,1976,96,93,0.678877631,88,86,96,0.083811711,0.57996633,0.408249158,1496,1399,0,17460,21504847
39,35,136101,183200,6,1976,85,90,0.77073663,71,16.63327896,95.27830343,0.015710919,0.449898671,0.53118667,6013,5701,54,17460,7151930
39,35,136102,282200,7.1,1997,99,90,0.745659722,85,30.07168894,96.85662211,0.014901048,0.486412512,0.484848485,7320,6246,489,17460,14006554
39,35,136103,207500,7.4,1964,95,90,0.636157025,86,53.21405424,94.37830462,0.025982462,0.444645161,0.518967742,5862,5203,112,17460,12637318
39,35,137101,113500,4.2,1963,24,18,0.62282013,34,69.31066398,17.67645875,0.1232,0.296440129,0.602588997,2304,1592,329,17460,5185331
39,35,137102,104100,5.1,1957,47,21,0.690218824,31,69.76386083,21.88417508,0.049274255,0.13486737,0.75071908,4480,3299,788,17460,2708317
39,35,137103,118000,5.7,1963,76,21,0.636525348,67,56.17450934,26.67722866,0.057289241,0.221433401,0.664638269,3989,3072,337,17460,3108033
39,35,138105,125800,5.5,1966,30,66,0.643724696,50,83,46,0.050314465,0.202380952,0.686904762,1332,1016,161,17460,4004639
39,35,138106,115100,5.7,1963,43,46,0.673302108,44,84.93041927,33.58608385,0.08,0.177739431,0.741156169,3289,2940,278,17460,2535697
39,35,138107,106900,5.8,NA,35,27,0.63647343,56,79.14534042,27.56832448,0.059772296,0.113314448,0.725212465,2030,1679,202,17460,2171501
39,35,138108,118000,6,1962,56,24,0.642111919,63,71.47170756,28.15122684,0.107336288,0.076027646,0.829392506,3669,3535,48,17460,1619616
39,35,138109,115100,5.5,1958,43,17,0.661980257,48,73.17979127,28.87832068,0.041572526,0.1151903,0.748063321,4008,3562,136,17460,4161425
39,35,138110,131000,5.8,1963,62,28,0.595304639,43,62.8779509,32,0.05915493,0.153771447,0.724182583,4289,3696,56,17460,2094753
39,35,140100,99600,7.2,1958,33,14,0.54095941,58,23.62093628,11,0.049113233,0.309124767,0.581936685,1543,224,1147,17460,874581
39,35,140301,79700,6.2,1939,4,4,0.55359179,22,29,8,0.217301751,0.239941478,0.664228237,2483,73,2325,17460,713626
39,35,140302,93100,6.4,1939,59,24,0.64153067,26,25.94866356,14.67967756,0.015111111,0.489677419,0.501935484,2327,583,1704,17460,961024
39,35,140400,96800,6.7,1944,13,23,0.659156084,21,22.48889625,14.92807425,0.072094469,0.440925088,0.414278532,3087,987,1644,17460,1156529
39,35,140500,90200,6.1,1945,21,29,0.699202431,29,19.2127531,14.12450892,0.110809343,0.325709058,0.61116194,3445,821,2372,17460,1285648
39,35,140600,152500,7.4,1939,52,47,0.730195178,26,54.43945469,27.1659984,0.011006289,0.470509383,0.431635389,997,600,383,17460,556767
39,35,140701,106800,6.1,1939,11,48,0.709008097,32,39.53992395,25.16159696,0.230549607,0.409356725,0.489278752,2632,771,1674,17460,1058287
39,35,140702,102700,6.6,1939,17,53,0.628824477,49,42.21380846,47,0.044814341,0.294717331,0.576459685,1647,619,1028,17460,669112
39,35,140800,118800,4.7,1959,54,56,0.529215976,52,30.92191857,13.02314557,0.002096436,0.527049873,0.437024514,3751,2382,1176,17460,1900625
39,35,140900,112300,7,1939,64,56,0.657777778,56,34.61899791,32.23799582,0.016409266,0.422993492,0.548083876,2060,891,1126,17460,687321
39,35,141000,NA,4.9,1939,4,30,0.773876404,7,73.88262548,33,0.144954128,0.335581788,0.566610455,848,298,474,17460,825492
39,35,141100,179800,4.2,1939,24,69,0.665613481,57,82.39219246,35.84475715,0.059335443,0.734357849,0.24259056,4007,2728,333,17460,1079362
39,35,141200,252500,6,1939,86,65,0.691081594,70,77.83634061,41.53814498,0.048874245,0.808618504,0.191381496,2890,2199,260,17460,1347695
39,35,141300,288500,7.7,1939,88,68,0.611916895,81,90.19391206,46,0.01921845,0.803750837,0.175485599,2873,2198,138,17460,1518785
39,35,141400,241100,10,1939,98,68,0.603007519,58,70.6959707,61.91282051,0.040731505,0.753615128,0.223581758,2503,2241,157,17460,1509026
39,35,141500,205100,6.9,1939,71,74,0.746724891,39,51.70705882,49.05058824,0.070588235,0.734899329,0.246644295,1596,1308,242,17460,964052
39,35,141601,163600,7.7,1939,87,68,0.716029292,54,40,55,0.028409091,0.827919227,0.158911326,1542,1138,253,17460,939739
39,35,141602,102800,6.9,1939,64,64,0.658886894,24,42,48.23379924,0.0626703,0.470411234,0.460381143,1399,488,733,17460,520524
39,35,141700,139400,7.1,1939,93,67,0.715817694,74,39,42.73390276,0.02247191,0.711198428,0.28388998,1337,1097,170,17460,800399
39,35,150100,46000,5.6,1939,3,3,0.537628587,3,42.55828707,3.01665345,0.273917422,0.051052967,0.814294831,2244,0,2240,17460,895125
39,35,150300,46600,5.2,1939,3,2,0.552304965,4,55.40765492,16.46051033,0.136436597,0.057113188,0.698857736,1321,124,1149,17460,574892
39,35,150400,46100,5.7,1939,2,6,0.551971326,3,47.90054912,6.906650397,0.185064935,0.107142857,0.639400922,1679,34,1635,17460,421834
39,35,151100,54000,4,1939,2,2,0.603969754,1,33.28422877,4.859618718,0.215962441,0.105908584,0.690078038,1283,51,1227,17460,635430
39,35,151200,73500,3.6,1961,2,6,0.578424884,1,28,11,0.200228833,0.125301205,0.73815261,1799,63,1706,17460,828211
39,35,151300,105000,3.9,1959,19,6,0.293284365,2,43.94527596,13.13096352,0.066189624,0.252568956,0.586262845,2028,424,1544,17460,1417031
39,35,151400,58700,4.9,1939,4,7,0.394688645,1,43.72283465,4.577952756,0.153132251,0.161453078,0.678102926,1179,77,1094,17460,646584
39,35,151500,42600,4.6,1939,5,4,0.40720524,9,64,18,0.104557641,0.054678007,0.713244228,1122,74,977,17460,662341
39,35,151600,73600,4.3,1954,2,8,0.607779579,2,68.94432548,14.91648822,0.204,0.14362851,0.691144708,1686,128,1457,17460,827479
39,35,151700,52100,5.8,1939,3,5,0.496831432,14,82.30619597,10.75648415,0.094387755,0.151470588,0.719117647,1013,135,780,17460,488739
39,35,151800,59000,5.5,1939,2,7,0.562861272,11,75.95025154,15.10732253,0.259306804,0.079173838,0.746127367,1846,10,1740,17460,594351
39,35,152101,120400,7.1,1943,77,14,0.678554446,79,22.98287113,18,0.067974772,0.449755568,0.538837588,2389,1892,468,17460,1065626
39,35,152102,76800,6.1,1946,35,11,0.693851133,21,32.19995826,18,0.08488806,0.173598553,0.705244123,4016,1677,2217,17460,1426549
39,35,152201,99400,3.7,1967,7,12,0.657940062,43,12.32123575,18.71505699,0.147643979,0.147312269,0.733278621,3425,565,2710,17460,762887
39,35,152202,71300,5.1,1955,34,5,0.678381571,33,23.913546,16,0.052677405,0.140063989,0.766797014,4350,1388,2817,17460,2208457
39,35,152301,85000,3.9,1964,30,7,0.636054422,13,14,42,0.0473644,0.251533742,0.685889571,2340,1048,1205,17460,626372
39,35,152302,87600,6.3,1953,31,6,0.64922786,43,24.38957055,23.78244455,0.112621359,0.233111656,0.711585579,4091,1895,1895,17460,1700415
39,35,152303,77900,5.9,1954,27,6,0.598855917,22,36.04191137,24.26988788,0.021492537,0.142025611,0.761738456,3434,1898,1441,17460,3381850
39,35,152400,66900,6,1944,41,12,0.648071625,28,42,16,0.17109458,0.186046512,0.750830565,2003,694,1246,17460,613930
39,35,152501,61900,5.4,1953,39,10,0.586984536,8,50.22640465,17.4337116,0.113062569,0.158309159,0.723166183,3809,1540,2157,17460,1396407
39,35,152502,63200,5.5,1951,12,12,0.703376623,18,40.3770428,16.95992218,0.147710487,0.166551486,0.742225294,2219,774,1407,17460,3579093
39,35,152603,51700,5.3,1948,12,17,0.548199768,19,61,17,0.076271186,0.196403873,0.705394191,1124,147,867,17460,1838035
39,35,152604,106400,4.2,1965,7,10,0.496160662,4,65.46197632,21.99772313,0.091666667,0.246164337,0.641663825,3901,1336,2513,17460,2207928
39,35,152701,79500,3.5,1965,1,5,0.276585821,5,45,11,0.112984823,0.085551331,0.662072243,2257,122,2089,17460,864328
39,35,152702,98100,5.7,1954,43,13,0.639487179,11,33.46895161,10.0766129,0.056936648,0.160073037,0.773584906,2240,422,1658,17460,2014278
39,35,152703,100300,5.9,1965,73,14,0.661267606,44,43.80898876,15.13542283,0.077742279,0.344610543,0.577498033,1755,643,1014,17460,1876588
39,35,153103,161000,6.7,1962,72,63,0.58218126,81,64.00986972,62,0.061565523,0.380234506,0.600781686,2297,2174,17,17460,2616521
39,35,153104,134400,6.1,1948,70,69,0.711378738,84,40.34439834,57.75103734,0.051955633,0.366385721,0.58601884,2927,2787,99,17460,1583873
39,35,153105,141300,5.2,1959,57,65,0.667096358,71,45.27024212,75.46784691,0.028985507,0.319379845,0.610852713,3656,3377,128,17460,1633374
39,35,153106,170500,6.8,1955,77,66,0.738441642,77,48.11336032,59.63562753,0.025394046,0.507068452,0.442708333,3878,3642,0,17460,1993704
39,35,153107,243700,6.2,1963,80,73,0.695396331,56,52.34587714,62.21804095,0.042309607,0.583523159,0.38952164,3545,3165,204,17460,4306046
39,35,154100,59900,5.8,1946,22,6,0.764818356,22,79.50894906,13,0.159166667,0.18302583,0.686346863,2038,837,1166,17460,586504
39,35,154200,86400,5.4,1953,11,6,0.594123049,17,71.98882314,12,0.061823802,0.210946408,0.695553022,1337,634,659,17460,1273630
39,35,154300,73500,5.8,1950,3,1,0.484848485,9,61,0,0.170454545,0.055837563,0.698815567,993,18,967,17460,1773180
39,35,154400,82300,5.8,1954,14,5,0.613784135,17,85.34498427,13,0.089689266,0.155698234,0.689673622,2797,1714,826,17460,2246393
39,35,154501,68900,5.6,1953,27,11,0.572001458,21,83.72128009,25.38977024,0.07456979,0.143619204,0.730816578,3374,1951,1274,17460,2215220
39,35,154502,86300,6,1962,23,13,0.737690632,40,87.48365385,21.99615385,0.108682812,0.179096905,0.736174531,2650,1163,1377,17460,3407090
39,35,154601,70100,5.6,1954,37,12,0.702449192,23,74.80098123,24.35793515,0.082715134,0.146442279,0.727782699,4827,2730,1908,17460,2481294
39,35,154603,71800,5.6,1955,35,14,0.706049533,47,76.8472446,25,0.057324841,0.158337457,0.734289955,3084,1775,1156,17460,1263524
39,35,154604,71200,6.2,1955,42,12,0.634775136,73,78.70906397,17.49913559,0.057310469,0.152605042,0.770420168,4349,2327,1987,17460,1433415
39,35,154700,60500,6,1951,4,2,0.560168156,14,63.38190955,10.7638191,0.141651032,0.104256632,0.753855645,2365,90,2143,17460,2047159
39,35,155101,343800,8.1,1992,100,86,0.587389381,78,87,86.94734841,0.082862524,0.622356495,0.34592145,5476,4456,64,17460,10222303
39,35,155102,190400,7.1,1962,97,82,0.666112266,88,74.88035019,73.52626459,0.016229713,0.429845143,0.54903801,2914,2895,0,17460,3114807
39,35,156101,229400,6.8,1957,78,69,0.701117318,66,96,71,0.025232404,0.448730964,0.506598985,1331,1261,0,17460,8929525
39,35,156102,242500,7.4,1962,100,76,0.686849373,67,78.99336939,90.64683301,0.005258274,0.495802351,0.479491485,5838,5603,1,17460,15776354
39,35,160100,319300,7.9,1939,100,82,0.752094972,77,24.40437436,97.19125127,0.006499536,0.704510109,0.276049767,1794,1655,16,17460,1093266
39,35,160200,160500,5.3,1939,72,83,0.820927724,63,21.24169184,76.27492447,0.022996058,0.57657108,0.391702257,2248,1934,142,17460,491735
39,35,160300,183800,6.1,1939,77,79,0.735036496,55,19.46861097,83,0.01489573,0.574225122,0.375203915,1722,1578,63,17460,539472
39,35,160400,180800,5.6,1939,64,81,0.801965781,53,19.17986459,75.52281425,0.030413073,0.516143106,0.437609075,3335,3098,68,17460,1142354
39,35,160500,237800,5.2,1939,85,70,0.622110255,79,23.29744817,75.01355662,0.015245355,0.467336683,0.479731993,3839,3443,256,17460,1189041
39,35,160601,108300,3.7,1962,39,67,0.669827586,54,31.96415626,48,0.065637066,0.503883495,0.473300971,4838,3997,326,17460,580909
39,35,160602,130600,4.5,1939,18,54,0.752923425,40,31.8942896,48,0.058617234,0.353195579,0.587217684,3025,2127,468,17460,644194
39,35,160700,159400,3.6,1963,66,82,0.905759162,44,22,91,0.01734104,0.510016694,0.439065109,1627,1551,47,17460,480248
39,35,160800,158700,5.1,1939,55,81,0.778812573,81,23,98,0.025411061,0.535211268,0.444302177,944,908,5,17460,422565
39,35,160900,164000,5.5,1939,93,79,0.784340659,62,23.50955762,78.52921901,0.046409807,0.442784113,0.455760912,3653,3377,111,17460,1669567
39,35,161000,142100,6.4,1939,82,85,0.813571429,36,19,85,0.059701493,0.562746646,0.411996843,1647,1523,70,17460,372680
39,35,161100,157800,6,1939,82,80,0.72557031,70,18.90273718,71.59048631,0.034725481,0.474615385,0.487307692,3588,3426,32,17460,907035
39,35,161200,150000,5.7,1939,76,77,0.775446429,22,18.77396804,69.4460719,0.035693725,0.509405941,0.432178218,2613,2507,71,17460,707146
39,35,161300,151200,5.7,1939,77,77,0.71422469,59,20.12096774,81,0.085526316,0.438487315,0.503590235,2997,2554,160,17460,802121
39,35,161400,138700,5.9,1939,90,68,0.784344423,27,24.62396576,75.28730385,0.025449102,0.421416235,0.477547496,3234,2843,220,17460,932643
39,35,161500,154900,5.5,1939,67,61,0.751091703,32,29.10447012,50.00678051,0.075996678,0.478868063,0.440646821,3743,3527,92,17460,1012091
39,35,161600,162100,5.5,1939,37,55,0.706467662,21,32,17,0.054577465,0.321428571,0.581232493,1951,1484,183,17460,459445
39,35,161700,99500,5,1939,10,37,0.702317291,29,32.63758079,17,0.090524535,0.181232092,0.743553009,2136,1637,378,17460,409627
39,35,161800,96900,4.2,1939,9,46,0.708939709,7,31,54,0.085043988,0.103064067,0.63091922,1325,932,102,17460,499013
39,35,170101,137100,6.6,1955,73,54,0.706801471,68,43.89597781,56,0.082574772,0.402304609,0.559118236,2606,1971,445,17460,1683173
39,35,170102,144500,6.9,1953,82,69,0.681475708,88,56.6258572,62.29770069,0.042659493,0.515277778,0.475277778,4812,4046,661,17460,2844217
39,35,170201,139600,6.2,1963,76,71,0.56805293,68,70.7567448,56,0.071547421,0.559038662,0.396551724,2327,1848,370,17460,4371193
39,35,170202,150700,6,1962,91,67,0.575051607,57,80.21703438,56,0,0.522817764,0.437366003,3788,3244,323,17460,2580627
39,35,171102,66500,5.8,1953,20,5,0.690184848,17,69.96439169,10.02255193,0.070162203,0.208495363,0.653006282,4991,950,3873,17460,2784653
39,35,171103,56100,5.8,1951,19,4,0.649981732,19,66.28253469,8.635244828,0.115233277,0.147636972,0.705980761,3380,652,2584,17460,1907905
39,35,171104,61400,5.9,1953,11,3,0.574561404,37,80.21734382,15.47706422,0.103307888,0.097432024,0.832703927,4450,306,3969,17460,1599814
39,35,171203,66700,5.9,1955,18,3,0.737373737,43,67.17028571,17.04228571,0.129158513,0.120594714,0.772577093,2540,734,1736,17460,1814786
39,35,171204,60500,5.9,1955,17,4,0.636363636,6,60.3190453,14,0.045548654,0.137675185,0.801319044,1940,484,1381,17460,1725490
39,35,171205,80000,5.5,1962,55,4,0.639554795,54,65.84189723,14,0.067603748,0.140674157,0.753707865,2762,812,1929,17460,1788880
39,35,171206,84300,5.9,1963,45,2,0.669064748,46,71.06779661,14,0.106758833,0.142951252,0.767457181,2320,1070,1129,17460,1771511
39,35,172101,126000,6,1954,79,79,0.667961165,64,77.20685714,80,0.016715116,0.318181818,0.61007667,2600,2151,164,17460,1278499
39,35,172102,138500,6,1959,77,77,0.696697775,74,85.18059228,80,0.053229974,0.336705787,0.624443545,3351,2935,361,17460,1770896
39,35,172103,161800,4,1967,49,76,0.51665451,40,88,74.18315018,0.051764706,0.465577284,0.45459416,4583,3087,778,17460,1588336
39,35,172201,152200,6.2,1958,91,80,0.657174972,45,86.61226136,80,0.041049031,0.318007663,0.59088974,3525,3109,229,17460,2314273
39,35,172202,171900,4.3,1967,70,80,0.716433942,65,90.84933171,74.98274605,0.055097451,0.477110583,0.469678954,4610,3464,985,17460,3847181
39,35,173103,181500,6.4,1967,72,49,0.577433628,85,51.47733813,58.56798561,0.029118774,0.318533815,0.610738255,2636,2351,209,17460,3294169
39,35,173104,148000,5.4,1978,88,50,0.621204579,85,77.85110019,64.84191412,0.043269231,0.289090909,0.645974026,4600,4289,194,17460,7389715
39,35,173105,180100,7.2,1973,83,70,0.537848606,79,51,74,0.026851852,0.326576577,0.553490991,2299,2175,25,17460,1669962
39,35,173106,161500,4.2,1972,70,74,0.624449712,77,71.70677966,74,0.028199566,0.536789935,0.420510865,3626,2223,48,17460,2349595
39,35,173107,140800,6.3,1958,89,68,0.526341948,85,83.10482264,71.80948585,0.011331445,0.38189609,0.525977504,2412,2335,37,17460,6210876
39,35,174103,161100,6.9,1968,78,77,0.535757091,48,38.33629776,82.31884058,0.070842655,0.255632184,0.602298851,2947,2679,60,17460,5194241
39,35,174104,181200,7.6,1971,57,76,0.558388577,80,61.29032258,85,0.059360731,0.307514451,0.583815029,2369,2219,39,17460,1943593
39,35,174105,172800,7.4,1967,96,76,0.637307852,83,68.94876033,71,0.013770492,0.409469303,0.546305931,2919,2667,54,17460,2611404
39,35,174106,138800,5.8,1965,92,70,0.749130435,76,51.52324493,53.16942278,0.048752176,0.354176175,0.594249201,2844,2713,40,17460,2029610
39,35,174107,137400,6.1,1961,80,67,0.694355698,69,37.38986611,50.7280126,0.037832311,0.31433034,0.643108161,3376,3267,0,17460,2130721
39,35,174203,177400,7.1,1979,93,79,0.586550436,84,17,87,0.012738854,0.376825247,0.593499764,2827,2666,121,17460,3145040
39,35,174204,150300,6.6,1963,83,71,0.644352901,87,44.04008495,84.22829838,0.023441662,0.270383011,0.646947289,3532,3182,43,17460,3297758
39,35,174205,151600,4.7,1969,50,70,0.652142857,60,72.11977103,73.22324967,0.054034319,0.371876816,0.56101104,5218,4763,148,17460,4659545
39,35,174206,141200,4.8,1966,50,74,0.733235438,39,69.37100125,40.42002493,0.046728972,0.135445112,0.778263244,2427,2071,94,17460,1519604
39,35,174207,148100,5.4,1963,52,69,0.578231293,37,66.15195792,49.92226768,0.005882353,0.256837607,0.670512821,3251,2915,136,17460,3699770
39,35,175103,140500,5.1,1978,75,80,0.676058743,53,22.95302013,87.59850858,0.038646123,0.359866716,0.574972233,7227,6515,241,17460,9126217
39,35,175104,218600,5.7,1987,68,83,0.66212766,75,17.27908518,90.31488233,0.042608134,0.361488067,0.568788021,5626,5075,294,17460,7607302
39,35,175105,226400,7.5,1981,89,86,0.646393972,94,11.41181417,94.94113937,0.024146545,0.433134328,0.520597015,4584,4431,10,17460,7033498
39,35,175106,234900,8,1978,97,86,0.634820371,70,11.71352033,66,0.023631841,0.431693989,0.537340619,3017,2961,0,17460,3680155
39,35,175201,225400,6.8,1985,94,86,0.715327103,78,19.82505334,88.95199634,0.031617455,0.46760187,0.473391227,6543,5794,88,17460,15626750
39,35,175202,256700,6.2,1985,94,82,0.664074074,69,17.42670401,88,0.02119353,0.367574257,0.564768977,3255,3046,42,17460,12108235
39,35,176100,175200,6.9,1957,96,68,0.680189673,78,35.13131769,85.87590253,0.034082107,0.384153661,0.588835534,2270,2194,3,17460,4334187
39,35,176200,138200,6,1980,76,66,0.666973533,67,21.21791978,82.84476472,0.038647343,0.336032389,0.641447368,5590,5332,80,17460,5464028
39,35,177101,108600,4.8,1960,45,12,0.68177978,47,64.68213181,25.60433024,0.066914498,0.198388721,0.704598859,4391,3380,484,17460,4999061
39,35,177103,112900,5.3,1958,33,29,0.708654416,59,39.23044966,44,0.081974069,0.270605398,0.653172867,4051,3374,260,17460,1975664
39,35,177104,94600,5.9,1951,47,28,0.665784499,53,23.60217391,57.47391304,0.049971607,0.244584838,0.637184116,3327,3108,48,17460,1426649
39,35,177201,95300,6,1953,40,35,0.707239962,61,15.5209826,46.3216479,0.075994636,0.158775365,0.7750089,3963,3668,36,17460,1117585
39,35,177202,89500,5.8,1953,40,22,0.644516918,40,19.41463415,49.44199881,0.120809614,0.168644906,0.731454006,3051,2917,29,17460,1171107
39,35,177302,110700,5.8,1958,56,60,0.639150943,66,50.21223857,73.41673122,0.023616236,0.203779367,0.687946885,2547,2290,86,17460,1864075
39,35,177303,98600,5.8,1952,65,39,0.709308372,65,39.22413793,43,0.029692082,0.18766756,0.72088174,4385,3761,163,17460,1613500
39,35,177304,91700,4.7,1965,18,54,0.625564881,29,42.51235768,45.84698695,0.102167183,0.203277409,0.711275849,3761,3135,386,17460,1636856
39,35,177403,103800,6.1,1953,75,54,0.70276873,79,14.03767561,30,0.050984936,0.182596291,0.730860675,3019,2731,0,17460,981750
39,35,177404,108800,6.2,1954,60,63,0.691386458,65,13.6653913,40.76,0.048634244,0.288622129,0.588726514,2684,2111,177,17460,935628
39,35,177405,110000,6,1954,70,62,0.728684211,46,9.998246767,33.33640149,0.050706266,0.18390462,0.776751118,4624,4356,159,17460,1819181
39,35,177406,96700,6.4,1952,59,51,0.687810945,63,11.65433925,53.00197239,0.061030741,0.229502327,0.665234515,3890,3675,204,17460,1400908
39,35,177501,107100,5.7,1958,50,63,0.656651109,55,21.63984856,62.36015144,0.067857143,0.154665806,0.743945754,4008,3762,44,17460,1745199
39,35,177503,156000,6.7,1967,63,76,0.609903812,67,26.5333149,74,0.022780374,0.25631769,0.632972323,3306,3176,24,17460,5367100
39,35,177504,123700,6.3,1959,74,74,0.622512438,65,18.11199011,65,0.03996004,0.169038528,0.715723707,3941,3861,27,17460,2066641
39,35,177505,155900,6.6,1969,82,76,0.652511652,66,18.32071413,49.15702302,0.03015873,0.277209302,0.656434109,4415,4192,75,17460,3670778
39,35,177604,126900,6.3,1957,65,45,0.613493425,82,21.99761337,54.50071599,0.043802423,0.176547231,0.704885993,2083,2015,11,17460,2244977
39,35,177605,140200,6.7,1960,78,54,0.592876465,76,22,56,0.051711027,0.192911392,0.752911392,2549,2266,171,17460,2464877
39,35,177606,144300,6,1967,59,60,0.598633393,60,19.25762355,55.829653,0.058064516,0.206801786,0.726897973,3962,3309,343,17460,3174145
39,35,177607,165500,5.3,1974,48,70,0.620629371,69,18.48091807,66.34160662,0.044600939,0.252555226,0.638311902,4026,3558,61,17460,3019442
39,35,177608,123400,5.2,1968,59,72,0.654513508,33,15.4681196,50.3148415,0.059731544,0.285066734,0.664819945,5275,4896,33,17460,4436722
39,35,177609,157400,6.7,1969,98,71,0.549937578,68,18.83586338,53.51612903,0.010215664,0.279161206,0.652031455,1833,1782,30,17460,2712896
39,35,178101,114000,5.4,1959,32,28,0.642301038,66,43.90930467,32,0.032996633,0.196502058,0.712962963,2828,2476,87,17460,1812413
39,35,178102,120000,4.8,1969,68,37,0.675452609,84,39.56511682,33.45685866,0.046905794,0.325630891,0.611128002,4455,3587,596,17460,2184761
39,35,178201,107300,5.6,NA,46,52,0.707088881,77,19.45303244,37.96191819,0.037150127,0.244645799,0.694398682,3133,2867,125,17460,2045107
39,35,178204,136000,4.3,1965,26,49,0.599743261,19,21.42484927,53,0.062071918,0.21875,0.673677885,4690,3844,441,17460,1592188
39,35,178205,117100,6.4,1958,86,38,0.613256484,43,26.79137324,32,0.029135338,0.259047619,0.673015873,2052,1770,76,17460,1152649
39,35,178206,115900,5.9,1955,85,45,0.636672326,82,31.27257355,40.42069665,0.046666667,0.276811594,0.632850242,2887,2796,2,17460,2067326
39,35,179101,401600,8.3,1969,98,65,0.619653588,69,90.72495974,86.70628019,0.012549914,0.766610597,0.216568545,3425,2711,128,17460,8329938
39,35,179102,477000,10,1964,100,71,0.628372093,84,91.38587335,88.29888657,0.025166543,0.794344473,0.2,2844,2570,85,17460,10082876
39,35,180102,143100,6.9,1977,59,26,0.638422819,70,44.66980892,48.23923567,0.102934735,0.463920718,0.50046454,4134,1854,1860,17460,4183955
39,35,180103,138500,6.8,1961,83,29,0.634788635,73,55.89116588,20.23539186,0.063318777,0.373916321,0.555220505,3405,1632,1697,17460,4815001
39,35,180104,141700,3.8,1967,7,27,0.581395349,6,67.51096346,41.17541528,0.024727273,0.146133333,0.7232,2867,694,1914,17460,2491259
39,35,181100,358400,7.4,1948,99,88,0.638344227,63,35.50763135,94.94115057,0.04654049,0.70813196,0.283042656,6607,6267,93,17460,4020870
39,35,181201,232000,5.9,1968,82,80,0.597981497,81,44.77188082,98.1679702,0.030942335,0.516801854,0.411819235,5604,5259,49,17460,3858116
39,35,181203,232800,6.5,1950,84,85,0.677892919,66,30.78860473,92,0.021019108,0.610144928,0.385024155,2927,2863,10,17460,1726135
39,35,181204,209600,5.4,1960,87,82,0.642737095,65,40.05020243,83.04008097,0.034366829,0.526976496,0.455662393,5060,4718,96,17460,2656410
39,35,182103,162700,6.8,1965,100,71,0.615090735,82,84.57876036,57.89498618,0.020186335,0.329681794,0.62962963,2368,2225,113,17460,2416762
39,35,182104,176500,6.9,1965,96,78,0.613215488,93,84,95,0.065202471,0.360701107,0.592250923,2705,2549,43,17460,2904708
39,35,182105,173600,7,1963,95,80,0.614604462,82,63.91808075,95,0.03960396,0.371059628,0.587162932,3530,3303,145,17460,3438210
39,35,182106,192700,7.2,1973,95,82,0.585227273,87,39.33281686,95,0.069255663,0.333066453,0.608486789,3035,2853,1,17460,3946564
39,35,183100,294500,5.2,1943,64,76,0.659881255,63,70.79720745,47.63730053,0.05848329,0.726072607,0.2621405,2857,1698,609,17460,1951749
39,35,183200,460300,10,1939,100,87,0.694054054,86,47.28773204,46.85835351,0.028037383,0.873639661,0.117291415,2498,2212,104,17460,2856088
39,35,183300,346900,10,1953,100,84,0.671793294,73,77.47535842,60.22222222,0.017399267,0.839076499,0.151274983,4176,3552,392,17460,3848961
39,35,183401,233700,8.4,1939,68,82,0.663865546,70,39.28862165,42.28862165,0.089581305,0.707782673,0.259911894,2037,1241,585,17460,1233301
39,35,183402,150200,5.6,1949,69,62,0.640145985,39,39,31,0.058479532,0.458178439,0.457249071,1583,305,1177,17460,669656
39,35,183501,122300,5.1,1956,66,80,0.709325797,71,65.28002948,59.20338983,0.091633466,0.637694013,0.355654102,3032,1492,1294,17460,1501807
39,35,183502,251300,7.1,1939,89,83,0.675009339,74,41.50956284,45.1557377,0.094631987,0.746031746,0.232397232,3579,2537,792,17460,1600633
39,35,183603,85200,6.4,1941,12,55,0.565260059,10,33.60709838,0,0.065972222,0.205596107,0.672749392,1369,85,1230,17460,513682
39,35,183604,127300,6.4,1941,39,65,0.658739596,14,39.54965822,42,0.076714801,0.431387415,0.488248673,2111,564,1371,17460,719764
39,35,183605,178600,6.1,1952,81,67,0.658128594,45,71.97841727,29.97410072,0.072279587,0.575099943,0.388920617,2398,1014,1184,17460,938556
39,35,183606,153000,6.9,1941,38,70,0.713029576,21,56.4135995,26,0.044843049,0.582159624,0.412206573,1747,751,893,17460,503465
39,35,184103,319900,10,1977,100,94,0.692484411,74,92.25092251,93.50184502,0.014811276,0.701208349,0.284877334,3899,3172,251,17460,5954576
39,35,184104,248100,7.2,1971,78,73,0.536363636,63,95.91028446,68.02899344,0.020581114,0.530137981,0.424110385,1836,1311,279,17460,16411895
39,35,184105,248800,7.4,1982,84,97,0.752637424,68,83.08342178,96.95690936,0.040575433,0.641460235,0.347783572,4565,3060,859,17460,3308640
39,35,184106,176100,7,1964,70,96,0.691176471,74,93.35283843,99,0.021276596,0.464561856,0.483247423,2383,1577,362,17460,1537030
39,35,184108,405600,8.2,1993,96,97,0.683298683,82,74.98399031,95.14785416,0.037271805,0.618431373,0.336862745,7446,5296,740,17460,18264209
39,35,185101,85400,6.4,1956,62,33,0.642788462,56,19.11134677,14.66489926,0.064323111,0.226674641,0.684808612,2624,289,2016,17460,1686640
39,35,185102,85800,6.2,1955,52,40,0.677109651,43,20.96587537,23.96031157,0.06641791,0.298647854,0.653733098,2393,1301,960,17460,1034518
39,35,185103,92900,6.4,1947,69,62,0.72666294,20,25.30038843,29.30643073,0.09,0.381668947,0.58002736,2315,1127,1014,17460,954765
39,35,185104,136800,7,1960,89,55,0.660238751,56,29.8267111,51.47962061,0.036624942,0.470788043,0.463315217,3956,2024,1505,17460,3368786
39,35,185201,68100,5.6,1951,54,58,0.754445964,55,36,21,0.142339075,0.308860759,0.670886076,1629,479,1128,17460,714053
39,35,185202,87200,6,1952,31,54,0.668023887,72,37.8315565,24.20372165,0.031694433,0.385768985,0.556158264,4555,1706,2440,17460,1769480
39,35,185203,131800,6.7,1952,74,63,0.576837416,78,51.08243174,49.75193199,0.034985423,0.557588358,0.368814969,4100,3015,714,17460,2516673
39,35,186103,226500,6.7,1991,97,89,0.609925146,81,64.42153494,82.07010309,0.037968893,0.480303472,0.482346075,4496,4192,64,17460,6893924
39,35,186104,184900,7.1,1972,89,88,0.658921526,78,70.19681245,75.48035582,0.053892216,0.483197556,0.474541752,2778,2680,27,17460,4963691
39,35,186105,191900,6.8,1979,92,86,0.631789404,78,29.59336923,80,0.029008439,0.391808626,0.560347952,3631,3368,33,17460,3442215
39,35,186106,173800,4.1,1975,71,85,0.666256158,49,78.08047523,82,0.099445471,0.359260267,0.589883057,4786,3631,669,17460,5764834
39,35,186107,193800,7.2,1982,100,86,0.707976654,80,54.02260898,79.01317502,0.031876889,0.453697679,0.508566471,6288,6095,1,17460,10584521
39,35,186201,194100,6.9,1979,92,91,0.67777066,84,50.62616167,79,0.070888469,0.420399221,0.548442064,5888,5276,86,17460,5646324
39,35,186202,233600,10,1985,100,90,0.643402091,79,7.415318231,79,0.029863856,0.55678934,0.417195431,4311,3770,145,17460,3789956
39,35,186203,199200,7.8,1979,97,91,0.675368139,77,18.75520833,83.62239583,0.017839445,0.436711281,0.538814532,3563,3412,15,17460,7906638
39,35,186205,222000,7.4,1990,91,92,0.685974858,87,60.00467108,79.81588167,0.022637442,0.51948416,0.463134287,4923,4491,74,17460,4747784
39,35,186206,310500,8.3,1996,95,94,0.662325286,79,31.23387668,78.55823293,0.046043165,0.578542658,0.377517393,4055,3453,20,17460,10029933
39,35,187103,125200,6.9,1944,66,63,0.76970269,53,38.59810127,33.13080169,0.022072348,0.389877642,0.535595106,2610,948,1598,17460,935783
39,35,187104,187200,7.7,1945,89,69,0.70501002,54,47.58506474,50.14543812,0.043206367,0.628532361,0.35278031,3040,2176,637,17460,1150632
39,35,187105,195700,7.2,1948,89,77,0.589127219,49,52.28998162,29.29044118,0.064030132,0.742233417,0.215785055,3054,2436,400,17460,1244734
39,35,187106,189800,7,1957,92,67,0.723579921,70,64.63716814,40.30742593,0.017343679,0.601869159,0.358411215,4321,3705,441,17460,1383328
39,35,188103,77900,6.1,1955,21,4,0.561731014,35,77.9853211,11.75963303,0.052114804,0.231421446,0.703740648,3292,153,3017,17460,1446094
39,35,188104,75100,4.9,1957,21,5,0.672798949,24,79,10,0.098632813,0.146050671,0.739195231,1850,122,1714,17460,3525649
39,35,188105,87800,4.4,1961,4,6,0.556346382,35,90.91751622,13,0.114427861,0.094339623,0.808018868,3221,219,2995,17460,1584279
39,35,188106,91600,5.6,1963,17,7,0.672622478,38,91,11,0.096829477,0.15455187,0.790402258,2309,33,2233,17460,1070902
39,35,188107,75600,4.3,1966,9,8,0.758655804,8,92.74345959,11,0.14966443,0.129596142,0.8053044,2531,166,2153,17460,2676789
39,35,189105,230700,7,1968,88,90,0.612175525,67,68.87662816,97,0.030792529,0.487377279,0.471598878,3838,3453,45,17460,6682791
39,35,189107,212800,6.5,1965,87,87,0.621899273,52,59.63490808,89.89523621,0.036663981,0.397772701,0.582524272,4863,4484,148,17460,5775733
39,35,189108,339200,7.8,1992,88,89,0.553960396,45,62.30289402,96.19104419,0.013404826,0.602877307,0.368621064,4932,4331,51,17460,7264423
39,35,189109,176100,5.7,1982,76,86,0.614953887,77,55.05615362,83.23974396,0.049812533,0.524849398,0.436746988,3635,3188,250,17460,4555169
39,35,189110,177900,4.6,1984,72,89,0.803870968,85,75.87456607,94.03864846,0.036597111,0.493394777,0.457142857,4452,3818,275,17460,6235616
39,35,189111,321200,5.8,1992,88,86,0.605240476,67,76.73752202,93.78302995,0.032184563,0.587121212,0.381060606,6988,6138,166,17460,7129040
39,35,189112,258800,8.2,1976,97,88,0.627371274,90,49.82333418,75.03497575,0.043736501,0.550363845,0.418230563,3567,3244,20,17460,3606099
39,35,190502,35600,4.8,1987,61,68,0.377330716,25,42.66003387,84.41447925,0.027308192,0.248481781,0.691801619,2123,2062,17,17460,6897929
39,35,190503,168500,7.3,1973,99,70,0.676161919,90,24,86,0.075388027,0.370242215,0.583044983,1638,1466,28,17460,1766959
39,35,190504,220600,6.6,1996,99,77,0.72491392,87,13.17511256,85.22521314,0.05394402,0.464906087,0.517582262,10684,9782,257,17460,17328490
39,35,192300,165800,7,1962,76,25,0.673370877,79,90,40,0.016726404,0.31097561,0.634146341,1615,1531,35,17460,4533013
39,35,192800,289300,6.2,1963,97,16,0.585803432,48,63,14,0.027962716,0.661812298,0.334142395,1379,1156,186,17460,2656786
39,35,192900,256000,7.3,1975,89,6,0.64882742,67,90.83628319,14.24336283,0.005576208,0.367678193,0.606210303,2024,1958,15,17460,14070180
39,35,193800,94300,4,1961,30,5,0.516717325,12,86,10,0.11372549,0.113445378,0.783613445,1106,231,860,17460,1984578
39,35,193900,80900,4.6,1959,2,3,0.33007335,4,93,13,0.066666667,0.114021572,0.653312789,873,89,742,17460,5462341
39,35,194100,217500,7.4,1965,95,19,0.59468599,64,86,21,0.060113729,0.270410816,0.661986479,2246,1804,369,17460,17496431
39,35,194300,234000,7.1,1965,98,85,0.664489515,88,89.05433526,84.90404624,0.014485256,0.519169329,0.455271565,3372,3195,22,17460,10238173
39,35,194500,505100,8.5,1961,91,89,0.555002764,55,83.62995595,76.05506608,0.032868526,0.727602906,0.248789346,2189,1992,20,17460,23224782
39,35,194800,219000,5.6,1967,27,44,0.740805604,58,94,85,0.089834515,0.484,0.496,698,220,322,17460,865601
39,35,194900,334200,7.2,1970,92,52,0.603948897,77,92.60999097,77.39121276,0.082692308,0.694841786,0.290853923,3276,2559,505,17460,9870655
39,35,195600,105400,5.8,1962,52,12,0.634574342,42,90.48401922,20,0.047458894,0.111079219,0.800516648,4755,944,3764,17460,4496794
39,35,195700,156500,6.6,1974,47,40,0.574101428,29,94.28888889,60.03093682,0.075471698,0.337841727,0.58647482,4756,1705,2606,17460,15926055
39,35,195800,340800,8.5,1978,99,93,0.619395203,81,80.06100386,96.77606178,0.015151515,0.669137729,0.318376902,3720,3055,388,17460,13913042
39,35,195900,350300,6.9,1956,83,56,0.619239097,49,77,89,0.008991009,0.667006803,0.30170068,4108,4009,12,17460,6651752
39,35,196000,150800,6.8,1953,57,32,0.527260179,31,40.56989887,18.98631767,0.130890052,0.459659511,0.51369356,1604,631,953,17460,1609212
39,35,196100,72400,5.6,1939,27,2,0.648,17,89.52370766,16.64313725,0.084104938,0.158071749,0.705717489,2395,1854,387,17460,9460795
39,35,196200,29600,4.4,1964,3,10,0.650325546,18,60.89261745,28.32611348,0.100117786,0.145560408,0.716157205,3806,141,3499,17460,2021401
39,35,196300,484400,10,1965,96,65,0.606227106,84,83.1657713,91.15067792,0.044813696,0.78632199,0.202879581,3911,3649,50,17460,36505625
39,35,196400,56200,5,1955,2,3,0.495762712,9,67.72487161,6.283932502,0.197435897,0.053014553,0.628898129,3072,691,1748,17460,1289858
39,35,196500,52500,6.2,1939,3,1,0.564208782,7,98,0.949132256,0.274596182,0.123301985,0.618599791,1512,32,1405,17460,780029
39,55,310100,170700,6.2,1975,68,16,0.686961207,76,8.159100926,2,0.030327215,0.169354839,0.767369727,2216,2114,24,17460,66137413
39,55,310200,211200,6.8,1975,91,21,0.685945274,85,10.80060271,2,0.032638259,0.22826087,0.725543478,2020,1852,43,17460,62677780
39,55,310600,239600,7.2,1964,92,83,0.638950073,89,60.12703318,90.62199089,0.019534616,0.394039735,0.572847682,6628,6475,10,17460,32720742
39,55,310700,241200,7.3,1970,90,76,0.726284585,73,48.42731921,90.37399562,0.015419501,0.355523043,0.59290417,3661,3542,117,17460,27863112
39,55,310800,281000,8,1975,96,78,0.618962112,93,50.30720435,99,0.029010734,0.433866891,0.510320135,6658,6530,18,17460,65369378
39,55,310900,209700,6.3,1971,60,52,0.626785025,40,35.1184375,95.1359375,0.023399015,0.251256281,0.640475103,3216,3113,62,17460,57786904
39,55,311000,185300,6.6,1971,52,13,0.667491749,2,23.4239758,59.16689579,0.095797281,0.110523533,0.499206769,3662,3653,0,17460,61322438
39,55,311300,172800,6,1963,64,44,0.621830209,22,59.79147779,91.00181324,0.032801418,0.254288597,0.586276488,4440,4374,66,17460,61654647
39,55,311400,221000,7,1968,52,37,0.67033195,61,58.86870146,32.59165613,0.051377283,0.308865586,0.612249762,5559,5334,76,17460,71855095
39,55,311500,281800,7.8,1966,100,74,0.703537841,88,54.44779495,92.15963061,0,0.486138614,0.487376238,5373,5222,3,17460,52137011
39,55,311600,335100,8.4,1975,98,61,0.694604683,93,61.14435696,89,0.02344895,0.709333333,0.288761905,3776,3776,0,17460,9790315
39,55,311700,389700,7.4,1986,85,55,0.59457884,76,78.43433602,91.34849596,0.021078431,0.708737864,0.266990291,4396,3898,416,17460,18880513
39,55,311800,293700,8.1,1977,99,62,0.640251353,82,66.27306324,94,0.032988004,0.623511033,0.355399336,7063,6921,70,17460,47378464
39,55,311900,319700,7.8,1992,93,54,0.681084198,84,44.37451498,94,0.024837708,0.484088928,0.484742807,6506,6224,1,17460,71690490
39,55,312000,182100,6.8,1978,73,19,0.637571998,19,57.63905748,97,0.015983322,0.231088083,0.569430052,2827,2792,13,17460,64870073
39,55,312100,190000,6.9,1976,54,10,0.674512688,3,34.21181312,30,0.007088332,0.159242192,0.356886841,4148,4074,1,17460,69504754
39,55,312201,194900,5.6,1972,70,80,0.625412179,79,69.7805915,85.74454713,0.017223199,0.29738645,0.640446587,5426,5291,80,17460,13612547
39,55,312202,257100,7.4,1976,96,78,0.653015428,75,34.15891742,83.28475596,0.012027491,0.365335052,0.617912371,4369,4216,23,17460,56994686
39,55,312203,213000,6.6,1989,89,78,0.66622411,85,14.24393907,93.77665737,0.026703866,0.316436252,0.61812596,4712,4332,148,17460,57700346
39,55,312300,164700,5.4,1976,45,25,0.633898305,26,88.98061598,30,0.012340601,0.156303676,0.538646513,4902,4761,98,17460,32389904
39,55,312400,165000,6.3,1980,33,15,0.663289631,3,76.89190252,30,0.025157233,0.112068966,0.35862069,2285,2270,7,17460,34436812
39,85,200100,143300,4.8,1961,71,66,0.706624606,63,15,58,0.078571429,0.27994122,0.655400441,1807,1477,330,17460,927222
39,85,200200,105400,6,1955,59,58,0.755721393,28,25.26214312,58,0.057932851,0.151047409,0.772326351,2516,2247,122,17460,923427
39,85,200300,117700,6.1,1957,79,55,0.670320747,58,30.51824818,68.5487724,0.038158692,0.25066313,0.684792219,3215,3115,0,17460,1492748
39,85,200400,119400,5.5,1959,64,60,0.695033113,57,42.41024214,59.11967715,0.055740829,0.171361502,0.727308294,3511,3378,86,17460,1774676
39,85,200500,124000,6.1,1956,89,54,0.732157177,65,25.66403162,64.27272727,0.032311062,0.267572634,0.663542643,3084,2998,35,17460,1452283
39,85,200600,122700,6.2,1957,90,44,0.686944634,52,38,80.32116355,0.06318408,0.240241449,0.697384306,3479,3221,68,17460,3555188
39,85,200700,110400,5.5,1958,67,47,0.677470107,51,57.81832797,73.54501608,0.059916396,0.252661462,0.65046132,3774,3340,245,17460,1895219
39,85,200800,137100,6.2,1960,68,54,0.681140206,47,57.77567568,64,0.031143552,0.214495953,0.729212656,3512,3033,290,17460,4058997
39,85,200900,111200,6.3,1956,66,39,0.646419437,35,60.00359159,44.51257055,0.027695351,0.290598291,0.63014763,1978,1872,86,17460,2427459
39,85,201000,257200,5,1972,51,76,0.676226753,42,68.74129747,61.86867089,0.033465871,0.372360331,0.549318364,4821,3341,1266,17460,10299788
39,85,201100,252800,4.9,1975,77,82,0.585322499,65,61.96658388,64,0.020390456,0.422253521,0.527042254,4706,3328,849,17460,17572262
39,85,201200,105800,4.6,1977,54,77,0.58374143,38,73.15926815,59.54619076,0.010626398,0.302640971,0.616702355,3493,3099,218,17460,3680626
39,85,201300,146900,5.1,1973,69,72,0.514851485,35,82.91222402,57.99030695,0.037406484,0.341556637,0.605628909,3548,3344,123,17460,3506683
39,85,201400,164900,5.7,1945,80,67,0.742958886,66,83.36164928,31,0.012636166,0.369699166,0.575208409,3562,3541,0,17460,3228185
39,85,201500,179300,6.3,1963,74,60,0.711360312,79,73.33400504,52.67002519,0.041809459,0.371900826,0.560330579,2608,2382,146,17460,7903453
39,85,201600,203100,6.6,1991,87,69,0.699929972,64,20.87115589,51.47242842,0.023011506,0.395919909,0.572723838,3520,3245,128,17460,3684152
39,85,201700,119100,5.6,1978,52,58,0.716984885,58,6.944454662,40.4318558,0.035774176,0.20110957,0.738788719,6138,5424,379,17460,4542731
39,85,201800,147800,6.8,1969,83,55,0.638628276,75,8.386504723,45.79757085,0.048632219,0.189662028,0.734393638,3828,3585,190,17460,1921910
39,85,201900,153000,5.8,1974,58,60,0.629705401,52,7,40,0.043534763,0.19549218,0.715731371,2830,2480,284,17460,3333912
39,85,202000,133000,6.1,1972,78,45,0.687156738,57,25.9343041,44.15628175,0.054411313,0.180762434,0.739207271,5485,5117,208,17460,5817894
39,85,202100,110100,4.7,1965,23,48,0.711716341,50,72,40.78508217,0.079422383,0.099360837,0.771644393,2187,1873,209,17460,3624502
39,85,202400,130500,6.3,1963,72,63,0.621522694,56,5.494709843,67,0.041813899,0.192652713,0.724049551,3060,3043,0,17460,1875715
39,85,202500,136600,5.3,1976,41,70,0.706190061,73,9.407724329,61.55966698,0.019753086,0.247191011,0.684401851,4331,3937,115,17460,2302296
39,85,202600,110800,5.8,1957,53,51,0.655016181,65,10.07600827,83,0.05187747,0.134350036,0.751270879,3657,3609,0,17460,7368844
39,85,202700,217400,7.6,1979,94,75,0.671786121,82,37.27255491,81.54068573,0.05193339,0.414345251,0.543978943,6533,6208,87,17460,9942306
39,85,202800,163700,6.4,1969,93,68,0.593977365,79,70.48494375,59.65701522,0.020415107,0.287909152,0.627922512,5781,5554,24,17460,6172728
39,85,202900,158700,6.4,1973,94,74,0.642011295,85,18.03421553,63.19067115,0.040578888,0.260798362,0.677993859,6813,6774,21,17460,6229356
39,85,203000,171700,6.9,1975,94,77,0.67565123,62,46.22639225,63.46368039,0.020615797,0.308194649,0.624815673,6476,6458,1,17460,5051963
39,85,203200,160200,5.4,1967,60,75,0.71622091,50,78.53879686,68.01424005,0.045586809,0.275967804,0.616328095,3317,3147,18,17460,5024393
39,85,203400,156500,6.2,1960,77,77,0.628810359,65,92,80.10746685,0.048477048,0.323271959,0.593721702,4291,3999,46,17460,6106632
39,85,203500,217000,7.4,1983,95,86,0.601790936,85,76.91012073,79.77880459,0.012450653,0.380601358,0.579243453,6634,6349,83,17460,8729267
39,85,203700,351800,7.4,1980,72,68,0.635420154,90,59.35648995,87.97989031,0.018440464,0.421716145,0.499796665,3388,3152,34,17460,29837078
39,85,204000,104500,5.3,1948,44,14,0.614475628,26,17.10614345,47.24798971,0.0546875,0.237791932,0.678980892,3077,2954,32,17460,2660123
39,85,204200,93800,5.7,1957,13,10,0.694385217,18,14.65756146,31,0.133060389,0.100085911,0.681701031,4030,2555,938,17460,5685764
39,85,204301,227600,5.1,2007,88,73,0.859844271,44,22,52,0.028460543,0.402370555,0.560199626,2447,2059,294,17460,2671022
39,85,204302,103300,5.6,1963,50,17,0.654438406,44,10.26082991,27.58139535,0.055709343,0.137220259,0.723792697,5570,3809,1066,17460,4125935
39,85,204400,105400,5.4,1958,36,14,0.68386346,28,3.862745098,29.63757116,0.061259217,0.170539033,0.540427509,3529,2610,236,17460,3455151
39,85,204500,88500,5,1939,7,13,0.524002494,14,8.543622512,22.78520521,0.078994614,0.107294481,0.686607487,4233,2224,649,17460,1482954
39,85,204700,135900,6.1,1971,46,73,0.632911392,68,26.1287234,82,0.1024,0.237397916,0.697268375,4589,4330,116,17460,4437673
39,85,204800,153600,6,1992,78,44,0.648229015,57,1.855592169,63.9833301,0.049401198,0.2176781,0.708707124,5422,5279,26,17460,16266366
39,85,204900,181600,7,1973,74,55,0.657345576,62,0,56.66371386,0.039047619,0.267509482,0.684702908,5785,5621,35,17460,13565483
39,85,205001,209000,7.3,1984,85,79,0.585577362,70,39.89808052,80.56667233,0,0.420264093,0.535551041,5427,5099,20,17460,6933498
39,85,205002,206600,7.1,1982,92,80,0.663786008,79,8.615847706,81.62951513,0.025108493,0.360873694,0.605650522,5826,5668,4,17460,17943712
39,85,205100,342000,8.4,1998,97,76,0.631887664,91,26.3151751,75.15515564,0.041068917,0.484606391,0.497466875,6891,6680,6,17460,34769057
39,85,205200,214400,6.9,1978,92,69,0.665384615,90,4.404242238,73,0.013872832,0.201019975,0.737356566,3065,3001,52,17460,65765021
39,85,205300,186300,7.2,1984,84,57,0.677198526,80,3.547523962,81.52476038,0.029548989,0.244279176,0.707665904,2344,2297,10,17460,21770117
39,85,205400,172500,6.6,1988,68,63,0.668181818,75,6,87,0.027334852,0.211072664,0.715397924,1680,1554,10,17460,5658257
39,85,205701,137500,5.8,1980,38,38,0.615189873,42,5.352,69.26461538,0.025514403,0.174898315,0.738524114,4771,4695,58,17460,17419962
39,85,205702,127500,6.1,1962,44,24,0.703541584,52,0,72,0.07239819,0.119395941,0.781500708,3314,3178,58,17460,3239271
39,85,205800,178300,7.1,1966,73,48,0.715779468,71,2,44,0.041168659,0.294759825,0.641921397,1267,1233,0,17460,28648644
39,85,205900,167800,6.9,1961,71,55,0.544247788,49,12,44,0.012195122,0.269183922,0.609013398,1066,1001,38,17460,26105461
39,85,206000,111800,5.7,1969,56,42,0.57665424,67,3.176470588,72,0.055353535,0.139864267,0.754499852,5172,5046,19,17460,23602659
39,85,206100,154200,6.2,1974,80,46,0.667760459,62,2,44,0.01044226,0.222374429,0.693607306,3172,3055,59,17460,12962505
39,85,206200,148000,6.1,1972,56,47,0.67512275,45,27,73,0.047735618,0.2109375,0.681423611,1476,1335,19,17460,6792872
39,85,206300,179600,6.7,1972,65,57,0.622709677,80,26.85471854,82.93874172,0.053046001,0.234708809,0.668715247,4929,4433,37,17460,32977384
39,85,206400,306100,7.8,1972,93,55,0.609353508,88,49.52244203,84.89406509,0.021670429,0.450735064,0.520175164,4580,4508,31,17460,38599800
39,85,206500,212400,5.8,1985,72,82,0.603576248,29,89.80939775,78.66247518,0.029625489,0.35,0.568503937,3594,3116,78,17460,17367388
39,85,206600,116300,6,1957,41,57,0.657723365,55,32.40500107,32.31075016,0.078811881,0.198648252,0.731707317,4815,4286,365,17460,2637244
39,93,10200,221400,7.2,1974,88,91,0.70327921,53,14.96555764,83.08809747,0.018107741,0.43000358,0.53669889,3959,3926,18,17460,4337885
39,93,10300,205600,6.6,1972,91,91,0.600803751,81,51.15833492,93.77551796,0.020810108,0.473568282,0.49608419,5615,5278,85,17460,4519860
39,93,10400,163400,5.2,2001,60,87,0.65679677,41,71,82,0.035956227,0.417508418,0.523756079,3513,3221,40,17460,8591009
39,93,13100,301500,7.7,2000,94,70,0.637739081,80,52.6432477,90.49313938,0.021933751,0.535488959,0.432492114,9441,8880,13,17460,27391725
39,93,13200,293400,7.5,2000,82,70,0.729647631,87,41.67617391,91,0.043713572,0.538836684,0.427262995,13558,11945,1124,17460,26498209
39,93,21100,103400,5.8,1963,54,28,0.687281621,40,20.1852518,74.93435252,0.073207931,0.243785434,0.713475796,3338,3153,51,17460,2872457
39,93,21200,115000,6.3,1968,56,27,0.65636121,65,2.35562834,73,0.052524568,0.157387322,0.739214268,5630,5168,51,17460,3541908
39,93,22100,87800,6.1,1949,66,22,0.667522465,46,2.351295337,23.54507772,0.040384615,0.236311239,0.706051873,2008,1877,69,17460,1086445
39,93,22200,76200,5.3,1947,20,12,0.592857143,15,6.136062378,41.04873294,0.092369478,0.190045249,0.623868778,2747,2256,260,17460,1508816
39,93,22400,72400,5.7,1939,9,18,0.551872721,21,1.640963855,39.06096386,0.044444444,0.054805095,0.67039753,3811,2550,972,17460,1797845
39,93,22500,94300,6.3,1942,29,15,0.697637795,70,0,29.91112492,0.032731377,0.327838828,0.587912088,1662,1437,80,17460,1117351
39,93,22601,119000,5.2,1966,6,8,0.55437788,3,5.106862044,17,0.093931837,0.122890295,0.699367089,2527,1657,630,17460,2898315
39,93,22800,73300,5,1957,2,8,0.544669545,13,0.779138514,20.30869932,0.115853659,0.081496881,0.725155925,4317,2163,1628,17460,2010641
39,93,23000,66800,5.3,1957,8,11,0.535604508,20,8.744915096,29.0095167,0.18842659,0.025515211,0.790971541,5102,3957,669,17460,5312093
39,93,23100,57100,5.6,1952,5,7,0.559287738,9,12.15106875,8.870883882,0.095513748,0.061902365,0.646200302,3575,2059,744,17460,6349725
39,93,23200,35000,5.7,1939,15,10,0.532258065,10,4.262129599,18.98339303,0.224082935,0.040883978,0.750276243,3068,1840,715,17460,1635584
39,93,23300,52100,5.7,1939,9,9,0.64305633,6,1.724672229,19.28963051,0.086730269,0.045818182,0.717090909,2469,1032,669,17460,1098313
39,93,23400,91900,5.4,1968,40,5,0.506697729,66,3.00671785,14,0.083908046,0.125160462,0.740693196,1966,1621,212,17460,1575769
39,93,23500,80400,5.5,1954,37,7,0.559785842,50,0.819717024,12.18028298,0.102019129,0.094869993,0.782853127,1973,1545,194,17460,1369880
39,93,23600,63300,5.8,1939,10,9,0.530914665,5,14.13989455,9.365202109,0.076034649,0.03480826,0.699705015,2515,1896,414,17460,1509457
39,93,23700,66700,5.3,1961,8,6,0.527300303,53,12.21329746,10.60799385,0.089165868,0.112068966,0.627155172,4775,3037,1056,17460,3449856
39,93,23800,80500,5.5,1962,10,7,0.526527331,45,14,20,0.045801527,0.073631841,0.694527363,1553,1169,128,17460,3167716
39,93,23900,67900,5.4,1954,8,11,0.566520468,8,7.184060721,22,0.112258065,0.092625899,0.723021583,1671,1237,303,17460,2946846
39,93,24000,97200,4.7,1963,13,6,0.588842975,26,7,22,0.065497076,0.06737013,0.662337662,1818,1400,275,17460,1888539
39,93,24100,133800,6.4,1969,44,8,0.504487659,31,3.792854689,14.58570938,0.060178306,0.241956242,0.547833548,3238,2539,452,17460,5496821
39,93,24200,127300,5.6,1972,26,7,0.647499331,38,10.8228194,14,0.058240397,0.155774396,0.721575649,5063,4063,697,17460,2596053
39,93,28100,212100,6.5,1993,82,35,0.613093566,70,49,48,0.024747938,0.318167254,0.608458827,4190,3771,166,17460,27824619
39,93,30100,150600,6.3,1974,48,31,0.486862442,60,11.63330787,68,0.056790123,0.237953007,0.622062923,6593,6312,131,17460,32122975
39,93,50100,155400,6.8,1980,82,38,0.626058152,87,10.42619746,45.77028348,0.034685479,0.240566038,0.738850772,3052,3045,0,17460,7833559
39,93,50200,151900,6.6,1967,81,53,0.551758461,82,22.00116043,58.0353931,0.072760072,0.247675716,0.701375976,3616,3281,23,17460,4830157
39,93,50300,205600,6.8,1986,79,52,0.621366497,77,9.073192129,72.79358316,0.029418857,0.285478548,0.641419142,8044,7495,85,17460,20939190
39,93,50400,131400,6,1950,34,40,0.579688286,53,11,64,0.091934085,0.18375576,0.748271889,2384,2329,0,17460,3109896
39,93,57100,151300,6.2,1958,61,29,0.57089436,67,19.66171004,59.30058417,0.022379913,0.190442478,0.712212389,3801,3704,20,17460,70512313
39,93,60100,145700,5.5,1966,25,49,0.491743725,59,46.6910266,42,0.018804567,0.372805227,0.509187423,3729,2553,793,17460,18422288
39,93,60200,178500,6.6,1951,69,60,0.552732406,50,48.98116871,42,0.064574973,0.619387755,0.346938776,5378,4140,517,17460,13757432
39,93,70101,133300,6.7,1963,63,34,0.62992652,60,34.85205784,57.20439377,0.024390244,0.27413273,0.640271493,3492,3105,264,17460,4764214
39,93,70102,117300,6.1,1970,32,19,0.603815439,69,24.22224278,60.80532939,0.059147686,0.281580412,0.626321647,5460,4312,480,17460,3784658
39,93,70200,114100,5.4,1959,32,10,0.63597299,56,34.2659409,28.46345257,0.032818533,0.170431211,0.715263518,1972,1717,115,17460,7941067
39,93,70300,95700,5,1973,17,11,0.5812,56,34.27649208,31.24725944,0.023399862,0.107158542,0.795783926,3218,2599,401,17460,10400820
39,93,70400,78400,5.5,1956,31,9,0.671368861,36,27.95288945,29.62102178,0.077643387,0.086520376,0.772413793,4836,3143,1116,17460,5969536
39,93,70500,61500,5.8,1939,9,7,0.575331772,26,28.09587341,25.60564691,0.070556309,0.051463645,0.751180359,3307,2483,598,17460,1857176
39,93,70600,97900,5.8,1955,60,40,0.638030888,40,45.34949944,38.70589544,0.071104387,0.191883902,0.711636657,4804,4118,215,17460,2999817
39,93,70700,75800,5.6,1947,33,28,0.658923513,35,48.93037975,36,0.085788562,0.070547945,0.804109589,2404,2029,226,17460,2371541
39,93,70800,75400,3.2,1961,1,12,0.468531469,2,23,23,0.119402985,0.015625,0.686079545,1027,722,228,17460,936190
39,93,70901,57800,4.9,1957,1,17,0.531702899,9,19.59927798,25.19584838,0.226575809,0.025423729,0.646489104,1944,874,750,17460,7777690
39,93,70902,63500,4.5,1979,35,9,0.649112064,38,12.73816482,20.29339568,0.088207547,0.128282071,0.780945236,3742,2769,805,17460,6866846
39,93,71000,62700,4.5,1939,11,23,0.576835731,1,21,38.52814645,0.137795276,0.103849597,0.724261415,1693,1329,231,17460,682852
39,93,71100,111100,6.5,1943,55,36,0.710067492,73,29.00360442,47.98490651,0.036831683,0.198675497,0.704304636,4425,3844,292,17460,2083562
39,93,71201,81900,5,1967,30,37,0.645334928,25,42.94369064,54.65535957,0.030583874,0.047585478,0.787099048,4194,3473,444,17460,1572777
39,93,71202,151800,6.6,1991,84,44,0.697722567,58,29.68012777,54.81451061,0.026706231,0.266866068,0.681289465,4041,3526,336,17460,3780372
39,93,71300,133300,5.7,1983,50,39,0.647906471,57,7.205576363,46.32667499,0.075954679,0.162532637,0.757832898,4438,4034,258,17460,6376732
39,93,71400,67400,5.4,1939,3,21,0.610615312,11,12.57716437,39,0.165384615,0.062536528,0.717708942,3299,1349,1698,17460,2464770
39,93,71500,145700,6.2,1958,42,20,0.517206478,53,15.12882839,41.96305299,0.039138943,0.090330789,0.740458015,2155,1940,134,17460,17586456
39,93,77100,173200,6.8,1964,83,45,0.619737285,72,13.2820726,75,0.020652174,0.283559578,0.667043741,3551,3523,28,17460,37121111
39,93,80101,135400,6.6,1975,72,37,0.667208672,73,16.4309417,76,0.043866775,0.264162562,0.674261084,2128,2061,40,17460,1948099
39,93,80103,141200,5.9,1981,57,45,0.692746536,71,6.549115044,69.68761062,0.029019608,0.293172691,0.600247142,4523,4315,51,17460,3066415
39,93,80104,138900,6.8,1971,71,40,0.618304363,70,6.860203241,76,0.037292025,0.147969441,0.722557298,3545,3469,29,17460,3376933
39,93,80500,224200,7,2006,94,46,0.70392123,74,13,62,0.022576687,0.352930301,0.575707155,7544,6697,99,17460,19733824
39,93,80600,153400,6.7,1973,52,52,0.68743023,67,11.23339254,73.88632327,0.061058785,0.224068479,0.686052367,5405,5052,193,17460,10783605
39,93,80700,223500,6.7,2004,91,58,0.606918239,84,22.62066658,62,0.019481865,0.436366154,0.534967456,10282,9584,342,17460,21755852
39,93,90100,201900,7.1,1964,63,39,0.651026393,86,34.47734874,76.29036181,0.073073073,0.24611399,0.70392302,3703,3630,6,17460,27286531
39,93,90200,206600,7.1,1971,77,54,0.601174935,94,31.20314583,84.03492402,0.034201954,0.285251799,0.645683453,3630,3554,0,17460,38766102
39,93,91100,170900,6.7,1978,66,36,0.617295902,78,25.4437106,75,0.023523262,0.215203819,0.681968417,3431,3090,194,17460,33383127
39,93,91200,149300,6.5,1959,35,38,0.498357719,80,16.62427874,75,0.088675854,0.112390925,0.732984293,3776,3262,368,17460,31320206
39,93,92100,235500,6.9,1974,77,34,0.654824772,78,9.066854611,56,0.030791789,0.17526345,0.770382696,2387,2343,6,17460,69146294
39,93,93100,208500,6.7,1963,72,39,0.646935201,91,34.23266564,47.7164869,0.063887385,0.2248,0.696,3284,3171,35,17460,117493744
39,93,94100,177800,6.3,1980,85,33,0.690312179,70,8.433914899,94,0.036170213,0.181786763,0.762916883,8401,8278,14,17460,123003289
39,93,95100,198700,6.9,1979,27,42,0.393963891,69,7.925771897,75,0.03248974,0.15758695,0.707756233,8359,6641,1309,17460,72918208
39,93,96100,135500,5.6,1971,46,49,0.573742378,74,36.80247509,21,0.081036201,0.210514738,0.707655081,6297,5943,4,17460,57347084
39,93,97100,202500,7.5,1971,86,44,0.574653465,70,1.903436989,39.52045827,0.05306685,0.231292517,0.707029478,2914,2853,17,17460,155385173
39,93,97200,169700,6.5,1994,71,24,0.667961444,57,47.26241873,39.34668401,0.045444756,0.248208035,0.68078013,8657,7246,695,17460,18645091
39,93,97300,51500,5.5,1939,3,12,0.514846743,9,2.030825023,45.59564823,0.11627907,0.018327606,0.736540664,2760,1550,928,17460,2199539
39,93,97400,329200,7.7,1996,92,93,0.616002879,72,22.47972247,95.5497899,0.022005842,0.581944259,0.391118816,10943,10416,22,17460,11376692
39,103,400100,318400,8,1983,96,87,0.620757576,82,28.25895893,85.22900863,0.027337076,0.417549435,0.561970339,7967,7779,5,17460,69162810
39,103,402000,280800,7.5,1985,88,61,0.61191056,93,36.85059489,93,0.023878437,0.285287528,0.656460045,5340,5283,21,17460,66582950
39,103,403001,205300,7.2,1977,92,39,0.672916667,80,6.857846154,93,0.028895769,0.209754163,0.705392546,3388,3325,9,17460,58608921
39,103,403002,253700,7.4,1995,93,68,0.688570291,94,23.36516661,93,0.045112782,0.399909625,0.553999096,3080,2930,48,17460,43680265
39,103,404000,240800,7.7,1979,97,78,0.683946981,90,30.91939547,52,0.04952627,0.377634262,0.591774303,4021,3869,0,17460,34288773
39,103,405000,283900,7.7,1979,87,87,0.628389155,89,35.24589426,97,0.025803723,0.448565633,0.481019994,4639,4442,20,17460,60210928
39,103,406000,287800,7.7,1990,87,79,0.671766342,85,34.60142007,99,0.004485852,0.434008762,0.532584885,5821,5705,1,17460,67313205
39,103,407000,301200,7.7,2001,96,81,0.676333022,91,9.622647794,94.80749376,0.020011117,0.452060645,0.514627376,6902,6493,112,17460,43239524
39,103,408001,159400,6.3,1965,61,69,0.676935887,71,49.22638081,75.20639535,0.051660517,0.403016121,0.569422777,2904,2744,4,17460,2959470
39,103,408002,268300,7.1,1991,81,82,0.469021424,79,66,89,0.030864198,0.462940462,0.504860267,2013,1977,0,17460,7011689
39,103,408003,198100,5.7,1993,83,75,0.618385346,68,49.35102452,65.62848505,0.029621503,0.418152992,0.53626635,3322,3171,25,17460,5706686
39,103,408100,181200,5.5,1993,38,63,0.720655738,52,52.43957992,68.96508456,0.034576888,0.315039878,0.6492594,7547,6755,321,17460,12189516
39,103,408201,172500,5.5,1988,60,62,0.659920182,55,58.44952607,84.21658768,0.047948164,0.242070117,0.682470785,4644,4384,101,17460,18658247
39,103,408202,205300,7,1990,84,71,0.698040227,59,12.1176364,96.3610658,0,0.398366321,0.568960101,4950,4905,12,17460,5867416
39,103,408301,232300,7.6,1988,95,76,0.737852185,78,35.01325967,85.96685083,0.007238307,0.594993295,0.388466696,3150,2835,74,17460,7318110
39,103,408302,203300,7.7,1987,88,79,0.713447099,82,8.545187506,83.57935964,0.018178339,0.502456454,0.471490249,9887,9195,394,17460,9756198
39,103,409001,195900,6.6,1976,72,39,0.620840153,71,7,79,0.032513181,0.173829378,0.758819756,2078,2036,0,17460,68208160
39,103,409002,174200,6.3,1973,69,32,0.637090328,72,9.652754591,79,0.029350105,0.191035549,0.731684699,4535,4346,34,17460,51590099
39,103,410000,173200,6.5,1977,60,45,0.639492754,16,5.122203512,62,0.033050047,0.198537477,0.693235832,4231,4223,2,17460,128279793
39,103,411001,171300,6.6,1978,82,42,0.691022965,79,41,79,0.083585096,0.154961832,0.736641221,1749,1744,0,17460,56588732
39,103,411002,130100,5,1965,20,41,0.614737685,52,25.10370112,79,0.050162866,0.110707804,0.735027223,2971,2886,8,17460,11563855
39,103,412000,187300,6.8,1976,84,32,0.666572478,86,52.16091395,79.49197861,0.027554048,0.278373266,0.683165195,4371,4271,55,17460,65721127
39,103,413000,179100,6.5,1974,72,37,0.672657512,75,42.09262558,87.12682579,0.032422696,0.250399452,0.698927186,6080,5960,5,17460,65076593
39,103,415100,221300,7.8,1992,93,87,0.732378855,85,21.77719113,84.6906019,0.005639098,0.435524652,0.519279393,4703,4470,77,17460,6396296
39,103,415200,164400,6.5,1975,78,87,0.665063649,67,12.92192263,87.07760844,0.036154828,0.28024819,0.665632541,4317,3964,59,17460,4673728
39,103,415300,149700,5.3,1983,72,84,0.653379549,60,3.107391304,80.67782609,0.022988506,0.263747811,0.681961471,4128,3959,14,17460,3702787
39,103,415400,167600,6.9,1975,77,82,0.680760499,76,2.552959161,82.12579166,0.024298282,0.208721704,0.727696405,4324,3986,193,17460,4103773
39,103,415800,216200,6.2,2002,93,87,0.781324528,84,4.946774921,84.36881672,0.016905377,0.357327586,0.618318966,7027,6648,94,17460,8914248
39,103,416000,158900,5.8,1976,67,78,0.720935412,81,12.39978772,83.46807005,0.015446401,0.246916752,0.68602261,5517,5220,65,17460,5989809
39,103,416100,162300,6.5,1973,78,78,0.697348292,85,8.663170882,89,0.017550274,0.207826087,0.730434783,4887,4504,124,17460,13445052
39,103,416200,208800,5.4,1994,54,79,0.67322239,59,10.80808081,85.99494949,0.049438202,0.276989105,0.617695609,4131,3601,369,17460,12814938
39,103,416300,189900,7.1,1977,82,87,0.750115473,84,2,84.5972329,0.023399015,0.301687764,0.654008439,2672,2571,51,17460,1932011
39,103,416400,170000,6.9,1977,66,85,0.586563307,64,2.037463127,86.43716814,0.037130271,0.206590621,0.726235741,3384,3261,2,17460,2749487
39,103,417000,176700,6.2,1985,85,81,0.645250623,82,25.06205505,90.86699098,0.018025751,0.396657467,0.577583563,9245,8860,149,17460,19477821
39,103,417100,177400,6.2,1976,97,79,0.668251855,63,14.46155066,74.72379895,0.016510105,0.444635933,0.537914692,6574,6270,104,17460,14048779
39,103,417200,175200,6.3,1977,77,78,0.682380355,62,0,76.65486336,0.059101655,0.360966465,0.590085399,7150,6918,111,17460,14399434
39,103,417300,166900,5.9,1967,58,77,0.676445211,76,26.07845519,91.83167355,0.033163265,0.303552949,0.641945498,4331,4191,12,17460,19337664
